Kollokator,Freq,Freq_Koll,PMI,t-Score,G2,MI3
jude,102,438,8.1115,10.063,973.6529,21.4563
juden,97,1077,6.7409,9.7568,726.9275,19.9408
kaufen,72,273,8.291,8.4582,706.9269,20.6309
nie,76,497,7.5047,8.6698,654.0001,20.0005
gebot,49,84,9.4362,6.9899,580.7445,20.6656
deutschen,57,1267,5.7395,7.4085,345.4552,17.4053
deutsche,49,971,5.9052,6.8832,308.1516,17.1346
jüdischen,41,453,6.748,6.3436,306.7416,17.4631
jüdische,37,299,7.1993,6.0414,301.0458,17.6182
rasse,24,102,8.1264,4.8814,228.8887,17.2963
staatsbürger,18,33,9.3394,4.2361,209.5513,17.6792
geschäfte,23,130,7.715,4.773,204.719,16.7622
volk,32,908,5.3873,5.5217,178.0035,15.3873
christen,19,99,7.8324,4.3398,172.4882,16.3283
glaubens,15,35,8.9914,3.8654,164.7122,16.8052
berliner,21,247,6.6578,4.5372,154.2181,15.4424
sei,28,862,5.2696,5.1543,151.1763,14.8844
römisch,12,19,9.5509,3.4595,144.9747,16.7208
presse,25,644,5.5268,4.8915,143.8138,14.8145
deutscher,19,209,6.7544,4.3185,142.155,15.2503
zeitung,22,519,5.6537,4.5972,130.4016,14.5725
hugo,13,53,8.1864,3.5932,125.1559,15.5872
warenhäuser,14,78,7.7358,3.7241,125.0024,15.3505
deutschland,22,598,5.4493,4.5831,124.1728,14.3681
geld,21,508,5.6175,4.4892,123.4102,14.4021
herr,27,1269,4.6592,4.9905,123.341,14.169
richter,16,159,6.901,3.9665,123.0785,14.901
dur,21,552,5.4976,4.4811,119.9239,14.2823
hilferding,13,77,7.6475,3.5876,114.3277,15.0484
berlin,19,462,5.61,4.2697,111.4454,14.1059
niemals,14,133,6.9659,3.7117,109.0026,14.5806
firmen,13,94,7.3597,3.5836,108.7265,14.7606
ganz,23,1023,4.7388,4.6162,107.5016,13.7859
geschäften,12,67,7.7327,3.4478,107.079,14.9026
einfluss,12,76,7.5509,3.4456,103.7818,14.7208
namen,16,294,6.0142,3.9381,102.8549,14.0142
steht,18,480,5.4769,4.1474,102.2542,13.8167
kapitalismus,9,22,8.9243,2.9938,97.7221,15.2642
marx,9,23,8.8602,2.9935,96.7018,15.2
sozialismus,9,23,8.8602,2.9935,96.7018,15.2
firma,15,275,6.0174,3.8132,96.4895,13.8312
seite,20,835,4.8301,4.3149,95.9276,13.474
arbeiter,17,480,5.3944,4.0251,94.6317,13.5693
mark,21,1068,4.5455,4.3863,92.6726,13.3301
cohn,9,31,8.4296,2.9913,90.153,14.7694
stadt,30,3230,3.4634,4.9807,90.014,13.2772
wächter,24,1807,3.9794,4.5884,87.9299,13.1493
heute,19,873,4.6919,4.1903,87.5748,13.1878
laufenberg,5,1,12.5358,2.2357,86.9015,17.1796
profitgier,7,11,9.5618,2.6423,84.7217,15.1765
geist,12,169,6.3979,3.423,83.6276,13.5678
jahre,17,673,4.9068,3.9857,83.2878,13.0818
zeit,20,1177,4.3349,4.2505,82.6265,12.9787
geschäft,13,261,5.8864,3.5446,81.2261,13.2873
welt,14,365,5.5094,3.6595,80.1396,13.1241
fränkel,5,2,11.5358,2.2353,79.97,16.1796
dominiert,6,7,9.9914,2.4471,79.231,15.1614
heisst,13,285,5.7595,3.539,78.9228,13.1603
christ,8,31,8.2596,2.8192,77.9363,14.2596
christi,7,16,9.0212,2.6407,77.2207,14.6359
bürger,14,411,5.3382,3.6492,76.8316,12.9529
wegen,15,535,5.0573,3.7567,76.5512,12.8711
staat,15,550,5.0174,3.7534,75.7351,12.8312
dabei,13,333,5.5349,3.5278,74.8683,12.9358
geburt,8,37,8.0044,2.8174,74.7161,14.0044
dex,16,721,4.72,3.8482,74.3346,12.72
geht,15,592,4.9113,3.7443,73.5682,12.7251
lassen,16,741,4.6805,3.844,73.4828,12.6805
ehrlich,9,75,7.1549,2.9789,72.5394,13.4948
gut,15,614,4.8586,3.7395,72.4966,12.6724
wären,10,123,6.5933,3.1295,72.4681,13.2371
internationale,9,76,7.1358,2.9787,72.2872,13.4757
macht,14,493,5.0757,3.6307,71.7943,12.6905
abstammung,6,10,9.4769,2.4461,71.5174,14.6468
sehen,13,385,5.3256,3.5156,71.1125,12.7264
jüdisches,7,23,8.4976,2.6384,70.8953,14.1123
seien,11,201,6.0222,3.2656,70.8154,12.9411
glauben,12,292,5.609,3.3931,70.3364,12.7789
echt,7,24,8.4362,2.6381,70.1896,14.0509
schreibt,11,229,5.8341,3.2585,67.9169,12.7529
hände,9,96,6.7988,2.9731,67.8766,13.1386
wolfheim,4,1,12.2138,1.9996,67.7344,16.2138
völker,9,97,6.7838,2.9728,67.6825,13.1237
gehört,11,235,5.7968,3.257,67.3441,12.7156
sozialistischen,7,29,8.1632,2.6365,67.118,13.7779
leo,6,13,9.0984,2.445,67.0379,14.2683
dreistigkeit,6,13,9.0984,2.445,67.0379,14.2683
tam,6,13,9.0984,2.445,67.0379,14.2683
ganze,13,462,5.0625,3.4977,66.4265,12.4634
bisher,10,166,6.1607,3.1181,66.3231,12.8046
ristliche,7,31,8.067,2.6359,66.058,13.6817
volke,11,250,5.7075,3.2532,65.9761,12.6263
adler,6,14,8.9914,2.4447,65.863,14.1614
pfennig,10,177,6.0682,3.1151,65.0194,12.712
frau,13,495,4.963,3.49,64.6632,12.3639
warenhäusern,7,34,7.9337,2.6349,64.6064,13.5484
handeln,8,68,7.1264,2.8082,64.1412,13.1264
central,6,16,8.7988,2.444,63.8177,13.9687
judengenossen,5,7,9.7284,2.2334,62.4347,14.3723
frey,4,2,11.2138,1.9992,62.1892,15.2138
weise,12,414,5.1053,3.3635,62.0134,12.2752
recht,15,887,4.3279,3.6801,61.804,12.1417
stellung,10,210,5.8215,3.1064,61.5636,12.4654
rathenau,6,19,8.5509,2.443,61.2939,13.7208
seit,12,435,5.0339,3.3584,60.844,12.2039
voll,10,219,5.761,3.104,60.7192,12.4048
alsberg,7,45,7.5293,2.6314,60.2991,13.144
hilfe,9,146,6.1939,2.959,60.109,12.5338
neun,7,46,7.4976,2.6311,59.9667,13.1123
lichen,9,148,6.1743,2.9585,59.8597,12.5142
sieht,10,235,5.6592,3.0997,59.3037,12.3031
gerson,6,22,8.3394,2.4419,59.2159,13.5093
tragen,9,154,6.117,2.9568,59.1322,12.4568
kampf,11,343,5.2512,3.2295,59.0395,12.1701
geschrieben,8,98,6.5991,2.7993,58.0354,12.5991
gen,12,493,4.8534,3.3443,57.8977,12.0233
liest,7,53,7.2933,2.6289,57.8397,12.908
propheten,5,10,9.2138,2.2323,56.9525,13.8577
gerade,11,379,5.1072,3.2204,56.87,12.0261
tägliches,4,4,10.2138,1.9983,56.644,14.2138
friedländer,4,4,10.2138,1.9983,56.644,14.2138
kaufpalästen,4,4,10.2138,1.9983,56.644,14.2138
schaufensterdeko,4,4,10.2138,1.9983,56.644,14.2138
kampforganisation,4,4,10.2138,1.9983,56.644,14.2138
restaurations,4,4,10.2138,1.9983,56.644,14.2138
verlangen,9,178,5.908,2.95,56.4919,12.2479
jeher,6,27,8.0439,2.4402,56.4021,13.2138
ristlichen,7,59,7.1385,2.627,56.2456,12.7533
verein,8,111,6.4194,2.7954,55.9836,12.4194
nennen,8,112,6.4065,2.7951,55.8364,12.4065
gewesene,5,11,9.0763,2.2319,55.659,13.7202
dienste,6,29,7.9408,2.4395,55.4403,13.1107
dafür,11,411,4.9903,3.2123,55.1151,11.9091
name,7,64,7.0212,2.6254,55.0449,12.6359
vereins,7,65,6.9988,2.6251,54.8168,12.6135
händen,7,66,6.9768,2.6247,54.5925,12.5915
müssen,14,936,4.1508,3.531,54.3947,11.7655
warenhaus,7,68,6.9337,2.6241,54.1544,12.5484
juda,7,68,6.9337,2.6241,54.1544,12.5484
sagen,12,581,4.6164,3.3229,54.0585,11.7863
deut,8,127,6.2252,2.7906,53.7799,12.2252
boykott,5,13,8.8353,2.2312,53.4973,13.4792
gegenüber,10,317,5.2274,3.0779,53.3421,11.8713
volkes,10,329,5.1738,3.0747,52.6074,11.8177
verkauft,7,77,6.7544,2.6212,52.3392,12.3691
hand,10,341,5.1221,3.0715,51.9001,11.766
bernhard,5,15,8.6289,2.2304,51.7285,13.2727
rituell,4,5,9.8919,1.9979,51.6417,13.8919
hartmann,4,5,9.8919,1.9979,51.6417,13.8919
polizeivizepräsident,4,5,9.8919,1.9979,51.6417,13.8919
kapital,7,81,6.6813,2.62,51.6035,12.2961
beiden,9,235,5.5072,2.934,51.4734,11.8471
judentum,7,83,6.6462,2.6193,51.25,12.2609
warum,10,354,5.0682,3.068,51.1627,11.712
zehntel,5,16,8.5358,2.23,50.9508,13.1796
anständigen,6,41,7.4412,2.4354,50.8923,12.6112
überall,8,152,5.9659,2.7832,50.8605,11.9659
antwort,8,154,5.9471,2.7826,50.6491,11.9471
geschäfts,6,42,7.4065,2.4351,50.5817,12.5764
gefängnis,7,94,6.4666,2.6158,49.4531,12.0813
kehrung,3,1,11.7988,1.7316,49.0735,14.9687
jadassohn,3,1,11.7988,1.7316,49.0735,14.9687
lesenöwerten,3,1,11.7988,1.7316,49.0735,14.9687
anreissermeihoden,3,1,11.7988,1.7316,49.0735,14.9687
mieler,3,1,11.7988,1.7316,49.0735,14.9687
lange,10,394,4.9137,3.0574,49.0595,11.5576
geschäftemacherei,4,6,9.6289,1.9975,49.0092,13.6289
kölner,5,19,8.2878,2.2289,48.9299,12.9317
jüdisch,6,48,7.2138,2.433,48.8716,12.3838
führung,7,99,6.3918,2.6142,48.7083,12.0065
selber,7,100,6.3773,2.6139,48.5641,11.992
genug,9,283,5.2391,2.9206,48.1486,11.579
arbeit,11,570,4.5185,3.1719,48.1035,11.4373
gericht,10,415,4.8388,3.0518,48.0432,11.4827
nannten,5,21,8.1434,2.2282,47.7813,12.7873
geben,10,426,4.8011,3.0488,47.5321,11.4449
sagt,9,299,5.1598,2.9161,47.1699,11.4996
lezten,8,192,5.6289,2.7713,47.0993,11.6289
spezifisch,4,7,9.4065,1.9971,47.0884,13.4065
singer,4,7,9.4065,1.9971,47.0884,13.4065
angerechnet,4,7,9.4065,1.9971,47.0884,13.4065
have,4,7,9.4065,1.9971,47.0884,13.4065
ferdinand,4,7,9.4065,1.9971,47.0884,13.4065
erfüllt,6,57,6.9659,2.4299,46.6961,12.1358
weizen,8,198,5.5845,2.7695,46.6066,11.5845
nennt,7,116,6.1632,2.6088,46.4424,11.7779
bietet,6,59,6.9162,2.4292,46.2626,12.0861
weiss,10,459,4.6934,3.0401,46.0781,11.3373
endes,6,60,6.8919,2.4289,46.0517,12.0618
genau,9,319,5.0663,2.9105,46.0207,11.4062
talmud,5,25,7.8919,2.2267,45.8206,12.5358
ergreift,4,8,9.2138,1.9966,45.5604,13.2138
vossische,4,8,9.2138,1.9966,45.5604,13.2138
gediegene,4,8,9.2138,1.9966,45.5604,13.2138
geschenken,4,8,9.2138,1.9966,45.5604,13.2138
araber,4,8,9.2138,1.9966,45.5604,13.2138
ausschliesslich,5,26,7.8353,2.2263,45.3857,12.4792
grosse,11,652,4.3245,3.1511,45.257,11.2434
dienst,7,129,6.01,2.6047,44.9328,11.6247
engels,3,2,10.7988,1.7311,44.9146,13.9687
arakteristisch,3,2,10.7988,1.7311,44.9146,13.9687
lassalle,3,2,10.7988,1.7311,44.9146,13.9687
stadthagen,3,2,10.7988,1.7311,44.9146,13.9687
ellenbogen,3,2,10.7988,1.7311,44.9146,13.9687
akzent,3,2,10.7988,1.7311,44.9146,13.9687
herrn,11,671,4.2831,3.1463,44.6516,11.202
schen,8,227,5.3873,2.7608,44.426,11.3873
ferner,7,134,5.9551,2.6031,44.3942,11.5698
vorgeht,4,9,9.0439,1.9962,44.2871,13.0439
geborene,4,9,9.0439,1.9962,44.2871,13.0439
akum,4,9,9.0439,1.9962,44.2871,13.0439
geworden,8,230,5.3683,2.76,44.2172,11.3683
erbe,5,29,7.6778,2.2251,44.1852,12.3216
machthaber,5,29,7.6778,2.2251,44.1852,12.3216
erich,5,29,7.6778,2.2251,44.1852,12.3216
amerika,6,73,6.609,2.4244,43.6064,11.7789
gerufen,5,31,7.5816,2.2244,43.459,12.2254
artikel,9,372,4.8446,2.8956,43.3062,11.1845
sche,6,75,6.57,2.4237,43.2715,11.7399
rosenfeld,4,10,8.8919,1.9958,43.1939,12.8919
verboten,6,76,6.5509,2.4234,43.1076,11.7208
betrug,6,78,6.5134,2.4227,42.7864,11.6833
nation,6,79,6.495,2.4223,42.6291,11.6649
sozialiomus,3,3,10.2138,1.7306,42.4818,13.3838
kassenstein,3,3,10.2138,1.7306,42.4818,13.3838
judenfreunden,3,3,10.2138,1.7306,42.4818,13.3838
koscheren,3,3,10.2138,1.7306,42.4818,13.3838
gestattete,3,3,10.2138,1.7306,42.4818,13.3838
heiland,3,3,10.2138,1.7306,42.4818,13.3838
sclesinger,3,3,10.2138,1.7306,42.4818,13.3838
siehest,3,3,10.2138,1.7306,42.4818,13.3838
rüstet,3,3,10.2138,1.7306,42.4818,13.3838
ammenmärchen,3,3,10.2138,1.7306,42.4818,13.3838
amtieren,3,3,10.2138,1.7306,42.4818,13.3838
heuti,3,3,10.2138,1.7306,42.4818,13.3838
pfarrer,5,34,7.4483,2.2233,42.4609,12.0922
feiern,5,34,7.4483,2.2233,42.4609,12.0922
bringt,7,155,5.7451,2.5964,42.34,11.3598
deutsch,7,155,5.7451,2.5964,42.34,11.3598
arier,4,11,8.7544,1.9954,42.2352,12.7544
levy,4,11,8.7544,1.9954,42.2352,12.7544
gespenst,4,11,8.7544,1.9954,42.2352,12.7544
aczel,4,11,8.7544,1.9954,42.2352,12.7544
erklärten,4,11,8.7544,1.9954,42.2352,12.7544
kommt,10,560,4.4065,3.0132,42.2301,11.0503
geschäftsmann,5,35,7.4065,2.2229,42.1494,12.0503
judentums,5,35,7.4065,2.2229,42.1494,12.0503
auffassung,6,84,6.4065,2.4206,41.8725,11.5764
preuss,5,36,7.3658,2.2225,41.8474,12.0097
jich,7,164,5.6636,2.5936,41.5471,11.2783
lieben,6,87,6.3559,2.4196,41.4409,11.5258
hirsch,4,12,8.6289,1.9949,41.3812,12.6289
schuf,4,12,8.6289,1.9949,41.3812,12.6289
fahren,6,88,6.3394,2.4192,41.3005,11.5093
folgen,7,167,5.6375,2.5926,41.2928,11.2522
starken,5,38,7.2878,2.2218,41.2699,11.9317
durc,8,283,5.0692,2.7442,40.9351,11.0692
allein,9,429,4.6389,2.8796,40.8064,10.9788
system,7,174,5.5782,2.5904,40.7176,11.193
erfindung,4,13,8.5134,1.9945,40.6109,12.5134
kultur,5,41,7.1782,2.2206,40.4624,11.8221
prof,5,42,7.1434,2.2203,40.2073,11.7873
frauen,7,183,5.5055,2.5875,40.0125,11.1202
hart,5,43,7.1095,2.2199,39.9587,11.7534
verluste,4,14,8.4065,1.9941,39.9093,12.4065
mädchen,6,100,6.1549,2.4151,39.7354,11.3249
weit,8,306,4.9564,2.7373,39.7062,10.9564
antrag,7,191,5.4438,2.585,39.4154,11.0585
enger,4,15,8.3069,1.9937,39.2651,12.3069
vorwiegend,4,15,8.3069,1.9937,39.2651,12.3069
erreicht,6,106,6.0709,2.4131,39.0251,11.2408
hohe,6,107,6.0573,2.4127,38.9108,11.2273
viele,8,322,4.8829,2.7326,38.9071,10.8829
sozialdemokratische,5,48,6.9508,2.218,38.8017,11.5947
sterben,5,48,6.9508,2.218,38.8017,11.5947
heraus,7,201,5.3701,2.5818,38.7047,10.9849
dahin,6,109,6.0306,2.412,38.6855,11.2005
konzerne,4,16,8.2138,1.9933,38.6695,12.2138
auh,5,50,6.8919,2.2172,38.3744,11.5358
prozent,8,338,4.813,2.7278,38.1485,10.813
haus,8,339,4.8087,2.7275,38.1023,10.8087
viktor,3,4,9.7988,1.7301,37.9848,12.9687
völkisch,3,4,9.7988,1.7301,37.9848,12.9687
volkswut,3,4,9.7988,1.7301,37.9848,12.9687
verleugnet,3,4,9.7988,1.7301,37.9848,12.9687
ministeriums,3,4,9.7988,1.7301,37.9848,12.9687
abzahlungsgeschäfte,3,4,9.7988,1.7301,37.9848,12.9687
grossen,9,512,4.3838,2.8563,37.7311,10.7236
urteil,7,217,5.2596,2.5767,37.6409,10.8744
grund,8,354,4.7462,2.723,37.4266,10.7462
stehen,8,355,4.7422,2.7227,37.3827,10.7422
lebenden,4,19,7.9659,1.992,37.1124,11.9659
wolff,4,19,7.9659,1.992,37.1124,11.9659
sinn,6,125,5.833,2.4065,37.025,11.0029
kauft,6,125,5.833,2.4065,37.025,11.0029
spricht,6,128,5.7988,2.4055,36.7385,10.9687
traurige,4,20,7.8919,1.9916,36.6549,11.8919
jahrgang,6,129,5.7876,2.4051,36.6445,10.9575
beweis,6,130,5.7764,2.4048,36.5513,10.9464
erkenntnis,5,60,6.6289,2.2135,36.4792,11.2727
märz,7,236,5.1385,2.5706,36.4791,10.7533
deutschlands,6,133,5.7435,2.4038,36.2762,10.9134
hristlichen,4,21,7.8215,1.9912,36.2223,11.8215
osnabrü,8,385,4.6251,2.7138,36.1208,10.6251
geschichte,6,135,5.722,2.4031,36.0963,10.8919
natürlich,7,245,5.0846,2.5678,35.9625,10.6993
teils,5,64,6.5358,2.212,35.813,11.1796
zeugnis,4,22,7.7544,1.9907,35.8122,11.7544
mitgewirkt,3,5,9.4769,1.7296,35.7551,12.6468
zielenziger,3,5,9.4769,1.7296,35.7551,12.6468
einern,3,5,9.4769,1.7296,35.7551,12.6468
argentinien,3,5,9.4769,1.7296,35.7551,12.6468
seeg,3,5,9.4769,1.7296,35.7551,12.6468
mitinhaber,3,5,9.4769,1.7296,35.7551,12.6468
bürge,3,5,9.4769,1.7296,35.7551,12.6468
ostens,3,5,9.4769,1.7296,35.7551,12.6468
lande,6,139,5.6799,2.4017,35.7447,10.8498
darf,7,249,5.0612,2.5665,35.7392,10.6759
internationalen,5,65,6.5134,2.2116,35.6533,11.1573
gemacht,8,400,4.57,2.7093,35.5281,10.57
religion,5,66,6.4914,2.2112,35.4962,11.1352
seele,5,66,6.4914,2.2112,35.4962,11.1352
geleitet,4,23,7.6903,1.9903,35.4223,11.6903
ärzte,4,23,7.6903,1.9903,35.4223,11.6903
buch,6,143,5.6389,2.4003,35.4035,10.8089
hätten,7,257,5.0156,2.564,35.3037,10.6303
stresemann,5,68,6.4483,2.2105,35.1893,11.0922
oktober,6,147,5.5991,2.399,35.0721,10.7691
liches,4,24,7.6289,1.9899,35.0507,11.6289
simoneit,6,148,5.5893,2.3986,34.9908,10.7593
eintritt,5,70,6.4065,2.2097,34.8918,11.0503
räumen,4,25,7.57,1.9895,34.6959,11.57
haven,4,25,7.57,1.9895,34.6959,11.57
moses,4,25,7.57,1.9895,34.6959,11.57
mosbach,4,25,7.57,1.9895,34.6959,11.57
sog,5,73,6.3459,2.2086,34.4618,10.9898
nichtjuden,4,26,7.5134,1.9891,34.3562,11.5134
kapitals,4,26,7.5134,1.9891,34.3562,11.5134
bereits,7,279,4.8971,2.557,34.1755,10.5118
besik,3,6,9.2138,1.7291,34.1691,12.3838
centralverein,3,6,9.2138,1.7291,34.1691,12.3838
goi,3,6,9.2138,1.7291,34.1691,12.3838
falk,3,6,9.2138,1.7291,34.1691,12.3838
kuper,3,6,9.2138,1.7291,34.1691,12.3838
dreisten,3,6,9.2138,1.7291,34.1691,12.3838
zuhälter,3,6,9.2138,1.7291,34.1691,12.3838
zweite,5,76,6.2878,2.2074,34.0499,10.9317
gefallenen,4,27,7.4589,1.9886,34.0306,11.4589
sozialisten,4,27,7.4589,1.9886,34.0306,11.4589
galt,4,27,7.4589,1.9886,34.0306,11.4589
genossen,6,161,5.4679,2.3941,33.9821,10.6378
millionen,9,644,4.0528,2.8192,33.7913,10.3927
christlichen,4,28,7.4065,1.9882,33.7179,11.4065
walter,4,28,7.4065,1.9882,33.7179,11.4065
hiesigen,6,167,5.4151,2.3921,33.5449,10.585
kauf,5,80,6.2138,2.2059,33.5265,10.8577
georg,4,29,7.3559,1.9878,33.4171,11.3559
gemeine,4,29,7.3559,1.9878,33.4171,11.3559
jahrhundert,4,30,7.3069,1.9874,33.1273,11.3069
statistik,4,30,7.3069,1.9874,33.1273,11.3069
unternehmungen,4,30,7.3069,1.9874,33.1273,11.3069
heutigen,6,173,5.3642,2.39,33.1238,10.5341
lässt,7,304,4.7733,2.549,33.0014,10.388
usw,8,472,4.3312,2.6879,32.9761,10.3312
kommunismus,3,7,8.9914,1.7286,32.9278,12.1614
grosskapital,3,7,8.9914,1.7286,32.9278,12.1614
komödie,3,7,8.9914,1.7286,32.9278,12.1614
kloz,3,7,8.9914,1.7286,32.9278,12.1614
intellektuellen,3,7,8.9914,1.7286,32.9278,12.1614
stets,6,176,5.3394,2.389,32.9189,10.5093
kunst,5,85,6.1264,2.2041,32.9095,10.7702
vaterland,5,85,6.1264,2.2041,32.9095,10.7702
fast,7,312,4.7358,2.5465,32.647,10.3505
prozess,6,181,5.299,2.3873,32.5853,10.4689
ausstellung,4,32,7.2138,1.9865,32.5778,11.2138
dar,5,88,6.0763,2.2029,32.5573,10.7202
darin,6,182,5.291,2.3869,32.5198,10.4609
sollen,7,315,4.722,2.5455,32.5165,10.3367
gemeinde,5,90,6.0439,2.2022,32.3293,10.6878
gebt,4,33,7.1694,1.9861,32.3168,11.1694
kommen,8,494,4.2655,2.6814,32.2781,10.2655
film,5,91,6.028,2.2018,32.2174,10.6718
amt,6,188,5.2442,2.3849,32.1342,10.4141
wollten,5,92,6.0122,2.2014,32.1067,10.6561
redet,4,34,7.1264,1.9857,32.0642,11.1264
juni,5,93,5.9966,2.201,31.9972,10.6405
reihe,5,93,5.9966,2.201,31.9972,10.6405
asphaltpresse,3,8,8.7988,1.7282,31.9052,11.9687
blutschande,3,8,8.7988,1.7282,31.9052,11.9687
antisemitischen,3,8,8.7988,1.7282,31.9052,11.9687
zentrums,5,94,5.9812,2.2007,31.889,10.625
holen,4,35,7.0846,1.9853,31.8194,11.0846
richtig,6,194,5.1989,2.3828,31.7612,10.3688
noh,7,333,4.6418,2.5398,31.7602,10.2565
nehmen,7,337,4.6246,2.5385,31.598,10.2393
all,6,199,5.1622,2.3811,31.4595,10.3321
wollt,4,37,7.0044,1.9844,31.3515,11.0044
arzt,6,203,5.1335,2.3797,31.2238,10.3034
solange,5,101,5.8776,2.198,31.1634,10.5214
unternehmer,4,38,6.9659,1.984,31.1275,10.9659
salvarsanindustrie,2,1,11.2138,1.4136,31.093,13.2138
kautsfy,2,1,11.2138,1.4136,31.093,13.2138
colbert,2,1,11.2138,1.4136,31.093,13.2138
finanzkatasirophe,2,1,11.2138,1.4136,31.093,13.2138
reinster,2,1,11.2138,1.4136,31.093,13.2138
kulturverlag,2,1,11.2138,1.4136,31.093,13.2138
voltk,2,1,11.2138,1.4136,31.093,13.2138
lamentiert,2,1,11.2138,1.4136,31.093,13.2138
abkauft,2,1,11.2138,1.4136,31.093,13.2138
herausfor,2,1,11.2138,1.4136,31.093,13.2138
frohloäte,2,1,11.2138,1.4136,31.093,13.2138
gesühlswelt,2,1,11.2138,1.4136,31.093,13.2138
straffälligen,2,1,11.2138,1.4136,31.093,13.2138
dppenheim,2,1,11.2138,1.4136,31.093,13.2138
zvadifalen,2,1,11.2138,1.4136,31.093,13.2138
homödie,2,1,11.2138,1.4136,31.093,13.2138
nickolai,2,1,11.2138,1.4136,31.093,13.2138
verführe,2,1,11.2138,1.4136,31.093,13.2138
fozialisten,2,1,11.2138,1.4136,31.093,13.2138
entscheibendem,2,1,11.2138,1.4136,31.093,13.2138
veih,2,1,11.2138,1.4136,31.093,13.2138
jastwirt,2,1,11.2138,1.4136,31.093,13.2138
getreidehändlerplage,2,1,11.2138,1.4136,31.093,13.2138
groffisten,2,1,11.2138,1.4136,31.093,13.2138
riesengeldsac,2,1,11.2138,1.4136,31.093,13.2138
geauenbofte,2,1,11.2138,1.4136,31.093,13.2138
gerfunft,2,1,11.2138,1.4136,31.093,13.2138
weltbewegende,2,1,11.2138,1.4136,31.093,13.2138
wirkücher,2,1,11.2138,1.4136,31.093,13.2138
geschäftsleben,2,1,11.2138,1.4136,31.093,13.2138
krahnustrasse,2,1,11.2138,1.4136,31.093,13.2138
umpfgeschrei,2,1,11.2138,1.4136,31.093,13.2138
duchsezt,2,1,11.2138,1.4136,31.093,13.2138
ausdrüklich,2,1,11.2138,1.4136,31.093,13.2138
prepbengels,2,1,11.2138,1.4136,31.093,13.2138
reichspostministees,2,1,11.2138,1.4136,31.093,13.2138
durchliessen,2,1,11.2138,1.4136,31.093,13.2138
spekulationstreiben,2,1,11.2138,1.4136,31.093,13.2138
schamlosig,2,1,11.2138,1.4136,31.093,13.2138
verschwenderische,2,1,11.2138,1.4136,31.093,13.2138
asiwirt,2,1,11.2138,1.4136,31.093,13.2138
bluthunden,2,1,11.2138,1.4136,31.093,13.2138
bezenplatz,2,1,11.2138,1.4136,31.093,13.2138
jihem,2,1,11.2138,1.4136,31.093,13.2138
nooschüg,2,1,11.2138,1.4136,31.093,13.2138
gesättigt,2,1,11.2138,1.4136,31.093,13.2138
einslusgebiet,2,1,11.2138,1.4136,31.093,13.2138
verödet,2,1,11.2138,1.4136,31.093,13.2138
söldner,2,1,11.2138,1.4136,31.093,13.2138
gifthauch,2,1,11.2138,1.4136,31.093,13.2138
eigennutzes,2,1,11.2138,1.4136,31.093,13.2138
hasenklever,2,1,11.2138,1.4136,31.093,13.2138
danneberg,2,1,11.2138,1.4136,31.093,13.2138
kautsky,2,1,11.2138,1.4136,31.093,13.2138
rommunismusg,2,1,11.2138,1.4136,31.093,13.2138
machtstell,2,1,11.2138,1.4136,31.093,13.2138
gnilgt,2,1,11.2138,1.4136,31.093,13.2138
halbjuden,2,1,11.2138,1.4136,31.093,13.2138
hoimat,2,1,11.2138,1.4136,31.093,13.2138
piternehmens,2,1,11.2138,1.4136,31.093,13.2138
ledebour,2,1,11.2138,1.4136,31.093,13.2138
veziehen,2,1,11.2138,1.4136,31.093,13.2138
austerlit,2,1,11.2138,1.4136,31.093,13.2138
preisswert,2,1,11.2138,1.4136,31.093,13.2138
abbraucht,2,1,11.2138,1.4136,31.093,13.2138
talheimer,2,1,11.2138,1.4136,31.093,13.2138
daranging,2,1,11.2138,1.4136,31.093,13.2138
mmmunismus,2,1,11.2138,1.4136,31.093,13.2138
sinzheimer,2,1,11.2138,1.4136,31.093,13.2138
küchensesssel,2,1,11.2138,1.4136,31.093,13.2138
weltreichs,2,1,11.2138,1.4136,31.093,13.2138
aufklärungsschriften,2,1,11.2138,1.4136,31.093,13.2138
heimatlosigkeit,2,1,11.2138,1.4136,31.093,13.2138
schütizend,2,1,11.2138,1.4136,31.093,13.2138
rossemerkmole,2,1,11.2138,1.4136,31.093,13.2138
anhimmelte,2,1,11.2138,1.4136,31.093,13.2138
frobenius,2,1,11.2138,1.4136,31.093,13.2138
grwerbslosen,2,1,11.2138,1.4136,31.093,13.2138
ueberhandnehmen,2,1,11.2138,1.4136,31.093,13.2138
hineinlebt,2,1,11.2138,1.4136,31.093,13.2138
nreichsfinanzmini,2,1,11.2138,1.4136,31.093,13.2138
sriefkaegten,2,1,11.2138,1.4136,31.093,13.2138
steriums,2,1,11.2138,1.4136,31.093,13.2138
nosenzweig,2,1,11.2138,1.4136,31.093,13.2138
beilegte,2,1,11.2138,1.4136,31.093,13.2138
diamant,2,1,11.2138,1.4136,31.093,13.2138
süsskind,2,1,11.2138,1.4136,31.093,13.2138
ihes,2,1,11.2138,1.4136,31.093,13.2138
cohen,2,1,11.2138,1.4136,31.093,13.2138
eisler,2,1,11.2138,1.4136,31.093,13.2138
cahen,2,1,11.2138,1.4136,31.093,13.2138
rechamke,2,1,11.2138,1.4136,31.093,13.2138
exfin,2,1,11.2138,1.4136,31.093,13.2138
rothziegel,2,1,11.2138,1.4136,31.093,13.2138
kisch,2,1,11.2138,1.4136,31.093,13.2138
freiben,2,1,11.2138,1.4136,31.093,13.2138
gefauffen,2,1,11.2138,1.4136,31.093,13.2138
brack,2,1,11.2138,1.4136,31.093,13.2138
jüdischdr,2,1,11.2138,1.4136,31.093,13.2138
koritschoner,2,1,11.2138,1.4136,31.093,13.2138
kommunitten,2,1,11.2138,1.4136,31.093,13.2138
aufgewendeten,2,1,11.2138,1.4136,31.093,13.2138
bekehrt,2,1,11.2138,1.4136,31.093,13.2138
davidsohn,2,1,11.2138,1.4136,31.093,13.2138
grünwald,2,1,11.2138,1.4136,31.093,13.2138
betohn,2,1,11.2138,1.4136,31.093,13.2138
litwi,2,1,11.2138,1.4136,31.093,13.2138
frech,3,9,8.6289,1.7277,31.0347,11.7988
konrad,3,9,8.6289,1.7277,31.0347,11.7988
gefasst,4,39,6.9284,1.9836,30.9098,10.9284
führen,6,211,5.0777,2.377,30.7666,10.2476
vieh,4,40,6.8919,1.9832,30.698,10.8919
verurteilt,5,106,5.8078,2.1962,30.6765,10.4517
vater,5,107,5.7943,2.1958,30.582,10.4382
tatsächlich,5,107,5.7943,2.1958,30.582,10.4382
neben,5,107,5.7943,2.1958,30.582,10.4382
tageszeitungen,4,41,6.8563,1.9827,30.4916,10.8563
gesellschaft,5,108,5.7809,2.1954,30.4885,10.4247
rein,5,109,5.7676,2.195,30.3958,10.4114
keiten,3,10,8.4769,1.7272,30.2763,11.6468
münchmeyer,3,10,8.4769,1.7272,30.2763,11.6468
nationen,3,10,8.4769,1.7272,30.2763,11.6468
bankiers,3,10,8.4769,1.7272,30.2763,11.6468
umgang,3,10,8.4769,1.7272,30.2763,11.6468
atmosphäre,3,10,8.4769,1.7272,30.2763,11.6468
zahllose,3,10,8.4769,1.7272,30.2763,11.6468
irgendeinen,3,10,8.4769,1.7272,30.2763,11.6468
strasser,3,10,8.4769,1.7272,30.2763,11.6468
sic,6,226,4.9786,2.3718,29.9561,10.1485
wort,7,383,4.44,2.5239,29.8663,10.0547
parteien,6,229,4.9596,2.3708,29.8008,10.1295
mache,4,45,6.722,1.9811,29.7166,10.722
frei,6,232,4.9408,2.3697,29.6476,10.1107
ausgesucht,3,11,8.3394,1.7267,29.6043,11.5093
schlachter,3,11,8.3394,1.7267,29.6043,11.5093
täuschen,3,11,8.3394,1.7267,29.6043,11.5093
spuk,3,11,8.3394,1.7267,29.6043,11.5093
dreh,3,11,8.3394,1.7267,29.6043,11.5093
lich,6,233,4.9346,2.3694,29.597,10.1045
gebracht,6,234,4.9284,2.3691,29.5466,10.0984
vem,5,120,5.6289,2.1909,29.4312,10.2727
verstanden,4,47,6.6592,1.9802,29.3561,10.6592
nem,4,47,6.6592,1.9802,29.3561,10.6592
derartige,5,121,5.6169,2.1905,29.3481,10.2608
denen,7,400,4.3773,2.5184,29.2813,9.992
justiz,5,123,5.5933,2.1898,29.1841,10.2371
gerste,5,124,5.5816,2.1894,29.1031,10.2254
karl,5,125,5.57,2.189,29.0228,10.2138
wertheim,4,49,6.5991,1.9794,29.0113,10.5991
jett,4,49,6.5991,1.9794,29.0113,10.5991
abstimmung,4,49,6.5991,1.9794,29.0113,10.5991
verunglimpfung,3,12,8.2138,1.7262,29.0009,11.3838
geschma,3,12,8.2138,1.7262,29.0009,11.3838
wür,3,12,8.2138,1.7262,29.0009,11.3838
redakteur,5,126,5.5585,2.1886,28.9432,10.2023
jehr,4,50,6.57,1.9789,28.8445,10.57
unsern,4,50,6.57,1.9789,28.8445,10.57
nase,4,50,6.57,1.9789,28.8445,10.57
teil,7,417,4.3173,2.513,28.7222,9.932
kraft,5,131,5.5023,2.1867,28.5547,10.1462
mann,8,635,3.9032,2.6394,28.4684,9.9032
ausbeutung,3,13,8.0984,1.7257,28.4533,11.2683
besuchte,3,13,8.0984,1.7257,28.4533,11.2683
zutritt,3,13,8.0984,1.7257,28.4533,11.2683
kohn,3,13,8.0984,1.7257,28.4533,11.2683
hochfinanz,3,13,8.0984,1.7257,28.4533,11.2683
verschliessen,3,13,8.0984,1.7257,28.4533,11.2683
mittelstand,5,134,5.4697,2.1856,28.3289,10.1135
breglay,2,2,10.2138,1.413,28.3204,12.2138
herl,2,2,10.2138,1.413,28.3204,12.2138
schuhhaus,2,2,10.2138,1.413,28.3204,12.2138
vorstande,2,2,10.2138,1.413,28.3204,12.2138
lehrtätigkeit,2,2,10.2138,1.413,28.3204,12.2138
wertsachen,2,2,10.2138,1.413,28.3204,12.2138
goldkapitaliamus,2,2,10.2138,1.413,28.3204,12.2138
typisches,2,2,10.2138,1.413,28.3204,12.2138
infizierten,2,2,10.2138,1.413,28.3204,12.2138
beijpiel,2,2,10.2138,1.413,28.3204,12.2138
kampfblatt,2,2,10.2138,1.413,28.3204,12.2138
preiswürdigkeit,2,2,10.2138,1.413,28.3204,12.2138
xodes,2,2,10.2138,1.413,28.3204,12.2138
zudentums,2,2,10.2138,1.413,28.3204,12.2138
anfrager,2,2,10.2138,1.413,28.3204,12.2138
tasselen,2,2,10.2138,1.413,28.3204,12.2138
kenntlichmachung,2,2,10.2138,1.413,28.3204,12.2138
äusserlichen,2,2,10.2138,1.413,28.3204,12.2138
lasalle,2,2,10.2138,1.413,28.3204,12.2138
hängigen,2,2,10.2138,1.413,28.3204,12.2138
adressen,2,2,10.2138,1.413,28.3204,12.2138
bernstein,2,2,10.2138,1.413,28.3204,12.2138
rituelle,2,2,10.2138,1.413,28.3204,12.2138
bloch,2,2,10.2138,1.413,28.3204,12.2138
tiejer,2,2,10.2138,1.413,28.3204,12.2138
brutalstes,2,2,10.2138,1.413,28.3204,12.2138
sturmsfolonne,2,2,10.2138,1.413,28.3204,12.2138
breitere,2,2,10.2138,1.413,28.3204,12.2138
befürw,2,2,10.2138,1.413,28.3204,12.2138
rtet,2,2,10.2138,1.413,28.3204,12.2138
spekulationsgeist,2,2,10.2138,1.413,28.3204,12.2138
geldmacht,2,2,10.2138,1.413,28.3204,12.2138
bazare,2,2,10.2138,1.413,28.3204,12.2138
schaffend,2,2,10.2138,1.413,28.3204,12.2138
badt,2,2,10.2138,1.413,28.3204,12.2138
gefährlichste,2,2,10.2138,1.413,28.3204,12.2138
aufgebrauchi,2,2,10.2138,1.413,28.3204,12.2138
nechtöau,2,2,10.2138,1.413,28.3204,12.2138
zertreter,2,2,10.2138,1.413,28.3204,12.2138
shuhwaren,2,2,10.2138,1.413,28.3204,12.2138
volfslied,2,2,10.2138,1.413,28.3204,12.2138
arb,2,2,10.2138,1.413,28.3204,12.2138
beiruter,2,2,10.2138,1.413,28.3204,12.2138
belastete,2,2,10.2138,1.413,28.3204,12.2138
anta,2,2,10.2138,1.413,28.3204,12.2138
erbslojen,2,2,10.2138,1.413,28.3204,12.2138
barvus,2,2,10.2138,1.413,28.3204,12.2138
tandler,2,2,10.2138,1.413,28.3204,12.2138
weissh,2,2,10.2138,1.413,28.3204,12.2138
goldfarb,2,2,10.2138,1.413,28.3204,12.2138
hinschlachten,2,2,10.2138,1.413,28.3204,12.2138
chrisii,2,2,10.2138,1.413,28.3204,12.2138
wolfsohn,2,2,10.2138,1.413,28.3204,12.2138
zubilligen,2,2,10.2138,1.413,28.3204,12.2138
christengeist,2,2,10.2138,1.413,28.3204,12.2138
finanzburgen,2,2,10.2138,1.413,28.3204,12.2138
mordstahl,2,2,10.2138,1.413,28.3204,12.2138
assessoren,2,2,10.2138,1.413,28.3204,12.2138
spefuliert,2,2,10.2138,1.413,28.3204,12.2138
schaeffer,2,2,10.2138,1.413,28.3204,12.2138
chart,2,2,10.2138,1.413,28.3204,12.2138
bozo,2,2,10.2138,1.413,28.3204,12.2138
ringste,2,2,10.2138,1.413,28.3204,12.2138
nachschlagewerk,2,2,10.2138,1.413,28.3204,12.2138
öffenen,2,2,10.2138,1.413,28.3204,12.2138
weltpresse,2,2,10.2138,1.413,28.3204,12.2138
gezeiier,2,2,10.2138,1.413,28.3204,12.2138
seschimpfung,2,2,10.2138,1.413,28.3204,12.2138
boess,2,2,10.2138,1.413,28.3204,12.2138
jahrbuche,2,2,10.2138,1.413,28.3204,12.2138
rütsichislvs,2,2,10.2138,1.413,28.3204,12.2138
fellgüller,2,2,10.2138,1.413,28.3204,12.2138
lustgewehr,2,2,10.2138,1.413,28.3204,12.2138
eingespielte,2,2,10.2138,1.413,28.3204,12.2138
berbinden,2,2,10.2138,1.413,28.3204,12.2138
nachäfferei,2,2,10.2138,1.413,28.3204,12.2138
kerx,2,2,10.2138,1.413,28.3204,12.2138
ffeinp,2,2,10.2138,1.413,28.3204,12.2138
magnus,2,2,10.2138,1.413,28.3204,12.2138
pic,2,2,10.2138,1.413,28.3204,12.2138
haase,2,2,10.2138,1.413,28.3204,12.2138
bezeichnender,2,2,10.2138,1.413,28.3204,12.2138
ezüge,2,2,10.2138,1.413,28.3204,12.2138
flatauer,2,2,10.2138,1.413,28.3204,12.2138
watther,2,2,10.2138,1.413,28.3204,12.2138
bankkapital,2,2,10.2138,1.413,28.3204,12.2138
sfklaret,2,2,10.2138,1.413,28.3204,12.2138
freundsc,2,2,10.2138,1.413,28.3204,12.2138
schäste,2,2,10.2138,1.413,28.3204,12.2138
geschätte,2,2,10.2138,1.413,28.3204,12.2138
strafanzeigen,2,2,10.2138,1.413,28.3204,12.2138
volksausbeutung,2,2,10.2138,1.413,28.3204,12.2138
nobles,2,2,10.2138,1.413,28.3204,12.2138
querfurt,2,2,10.2138,1.413,28.3204,12.2138
lichtfülle,2,2,10.2138,1.413,28.3204,12.2138
ueberheblichkeit,2,2,10.2138,1.413,28.3204,12.2138
geoe,2,2,10.2138,1.413,28.3204,12.2138
verstellungskünste,2,2,10.2138,1.413,28.3204,12.2138
näbe,2,2,10.2138,1.413,28.3204,12.2138
hundertprozentiger,2,2,10.2138,1.413,28.3204,12.2138
deutsam,2,2,10.2138,1.413,28.3204,12.2138
durchdrüden,2,2,10.2138,1.413,28.3204,12.2138
neudeutsch,2,2,10.2138,1.413,28.3204,12.2138
reinrassigen,2,2,10.2138,1.413,28.3204,12.2138
bendinexr,2,2,10.2138,1.413,28.3204,12.2138
barxmäts,2,2,10.2138,1.413,28.3204,12.2138
literaien,2,2,10.2138,1.413,28.3204,12.2138
arbeitorbe,2,2,10.2138,1.413,28.3204,12.2138
quien,2,2,10.2138,1.413,28.3204,12.2138
schurz,2,2,10.2138,1.413,28.3204,12.2138
fabriziert,2,2,10.2138,1.413,28.3204,12.2138
hauptieil,2,2,10.2138,1.413,28.3204,12.2138
skandalpro,2,2,10.2138,1.413,28.3204,12.2138
wetlt,2,2,10.2138,1.413,28.3204,12.2138
realgymnasiums,2,2,10.2138,1.413,28.3204,12.2138
rüclfichiälos,2,2,10.2138,1.413,28.3204,12.2138
verführerischen,2,2,10.2138,1.413,28.3204,12.2138
flöhe,2,2,10.2138,1.413,28.3204,12.2138
ideologie,2,2,10.2138,1.413,28.3204,12.2138
alberti,2,2,10.2138,1.413,28.3204,12.2138
getauften,2,2,10.2138,1.413,28.3204,12.2138
verfälschen,2,2,10.2138,1.413,28.3204,12.2138
impressionen,2,2,10.2138,1.413,28.3204,12.2138
rechtsanwaltes,2,2,10.2138,1.413,28.3204,12.2138
nasführen,2,2,10.2138,1.413,28.3204,12.2138
negroider,2,2,10.2138,1.413,28.3204,12.2138
soweit,5,135,5.4589,2.1852,28.2548,10.1028
liessen,4,54,6.4589,1.9773,28.2105,10.4589
paul,4,54,6.4589,1.9773,28.2105,10.4589
bewegung,5,136,5.4483,2.1849,28.1813,10.0922
glaubt,5,136,5.4483,2.1849,28.1813,10.0922
otto,4,55,6.4325,1.9768,28.0597,10.4325
machten,4,55,6.4325,1.9768,28.0597,10.4325
verbrechen,4,55,6.4325,1.9768,28.0597,10.4325
bestimmt,6,267,4.7381,2.3577,27.9996,9.908
ersten,6,267,4.7381,2.3577,27.9996,9.908
meineid,3,14,7.9914,1.7252,27.9521,11.1614
erw,3,14,7.9914,1.7252,27.9521,11.1614
interessenten,3,14,7.9914,1.7252,27.9521,11.1614
wirtschaftliche,4,56,6.4065,1.9764,27.9118,10.4065
arm,4,56,6.4065,1.9764,27.9118,10.4065
sinne,5,140,5.4065,2.1833,27.8928,10.0503
preussischen,5,141,5.3962,2.183,27.822,10.0401
konkurrenz,4,57,6.3809,1.976,27.7666,10.3809
rabbiner,3,15,7.8919,1.7248,27.4899,11.0618
siken,3,15,7.8919,1.7248,27.4899,11.0618
käufern,3,15,7.8919,1.7248,27.4899,11.0618
grossbanken,3,15,7.8919,1.7248,27.4899,11.0618
international,3,15,7.8919,1.7248,27.4899,11.0618
zweig,3,15,7.8919,1.7248,27.4899,11.0618
vereinigung,3,15,7.8919,1.7248,27.4899,11.0618
charakter,4,59,6.3312,1.9752,27.4841,10.3312
theater,5,146,5.3459,2.1811,27.4757,9.9898
september,5,147,5.3361,2.1807,27.4079,9.9799
blatt,5,148,5.3263,2.1803,27.3406,9.9702
gute,6,284,4.6491,2.3519,27.2793,9.819
thema,4,61,6.2831,1.9743,27.2115,10.2831
stein,4,61,6.2831,1.9743,27.2115,10.2831
gewalt,4,62,6.2596,1.9739,27.0787,10.2596
eigenschaften,3,16,7.7988,1.7243,27.0612,10.9687
wunden,3,16,7.7988,1.7243,27.0612,10.9687
seren,3,16,7.7988,1.7243,27.0612,10.9687
obigen,3,16,7.7988,1.7243,27.0612,10.9687
wurden,7,475,4.1294,2.4946,26.9819,9.7441
besonders,6,295,4.5942,2.3481,26.837,9.7642
volksgenossen,4,64,6.2138,1.9731,26.8196,10.2138
verwenden,3,17,7.7113,1.7238,26.6614,10.8813
strauss,3,17,7.7113,1.7238,26.6614,10.8813
bande,3,17,7.7113,1.7238,26.6614,10.8813
zirkus,3,17,7.7113,1.7238,26.6614,10.8813
beherrscht,3,17,7.7113,1.7238,26.6614,10.8813
erleichterung,3,17,7.7113,1.7238,26.6614,10.8813
davon,6,300,4.57,2.3464,26.6416,9.7399
moral,4,66,6.1694,1.9722,26.5689,10.1694
form,5,160,5.2138,2.1758,26.5682,9.8577
bielefeld,4,67,6.1477,1.9718,26.4465,10.1477
hälfte,4,67,6.1477,1.9718,26.4465,10.1477
her,6,308,4.532,2.3436,26.3361,9.7019
eint,4,68,6.1264,1.9714,26.326,10.1264
tausend,4,68,6.1264,1.9714,26.326,10.1264
glau,3,18,7.6289,1.7233,26.2868,10.7988
meiden,3,18,7.6289,1.7233,26.2868,10.7988
russen,3,18,7.6289,1.7233,26.2868,10.7988
dern,4,70,6.0846,1.9705,26.0905,10.0846
jüdischer,4,70,6.0846,1.9705,26.0905,10.0846
gross,5,168,5.1434,2.1728,26.0862,9.7873
leicht,5,169,5.1349,2.1724,26.0276,9.7787
wieviel,4,71,6.0641,1.9701,25.9754,10.0641
diebstahl,3,19,7.5509,1.7228,25.9346,10.7208
politi,3,19,7.5509,1.7228,25.9346,10.7208
mittelalter,3,19,7.5509,1.7228,25.9346,10.7208
schwindel,4,72,6.0439,1.9697,25.8619,10.0439
vier,5,173,5.1011,2.1709,25.7969,9.745
zeiten,5,173,5.1011,2.1709,25.7969,9.745
statt,5,174,5.0928,2.1705,25.7401,9.7367
politik,5,174,5.0928,2.1705,25.7401,9.7367
ebenso,5,175,5.0846,2.1702,25.6837,9.7284
leben,7,526,3.9823,2.4783,25.6297,9.597
hierher,3,20,7.4769,1.7223,25.6021,10.6468
theodor,3,20,7.4769,1.7223,25.6021,10.6468
partei,7,528,3.9768,2.4777,25.5796,9.5915
vie,5,177,5.0682,2.1694,25.5718,9.712
alten,6,333,4.4194,2.335,25.4327,9.5893
find,6,336,4.4065,2.334,25.3292,9.5764
höre,3,21,7.4065,1.7218,25.2872,10.5764
unerhört,3,21,7.4065,1.7218,25.2872,10.5764
verwaltet,3,21,7.4065,1.7218,25.2872,10.5764
führenden,3,21,7.4065,1.7218,25.2872,10.5764
gleiche,4,78,5.9284,1.9672,25.2139,9.9284
kamen,4,78,5.9284,1.9672,25.2139,9.9284
beschäftigt,4,79,5.9101,1.9667,25.111,9.9101
hoffentlich,4,79,5.9101,1.9667,25.111,9.9101
publikum,4,79,5.9101,1.9667,25.111,9.9101
bekommen,5,186,4.9966,2.166,25.084,9.6405
sitzt,3,22,7.3394,1.7214,24.9883,10.5093
dummen,3,22,7.3394,1.7214,24.9883,10.5093
detaillisten,3,22,7.3394,1.7214,24.9883,10.5093
reichsbanner,3,22,7.3394,1.7214,24.9883,10.5093
führer,5,191,4.9583,2.1641,24.8235,9.6022
behaupten,4,83,5.8388,1.9651,24.7125,9.8388
echter,3,23,7.2752,1.7209,24.7037,10.4452
handschuhen,2,3,9.6289,1.4124,24.503,11.6289
weihnachtsgedichte,2,3,9.6289,1.4124,24.503,11.6289
stritt,2,3,9.6289,1.4124,24.503,11.6289
geldverleiher,2,3,9.6289,1.4124,24.503,11.6289
verfälscht,2,3,9.6289,1.4124,24.503,11.6289
grwerbslofen,2,3,9.6289,1.4124,24.503,11.6289
gerissenen,2,3,9.6289,1.4124,24.503,11.6289
käthe,2,3,9.6289,1.4124,24.503,11.6289
herzfeld,2,3,9.6289,1.4124,24.503,11.6289
irgendwel,2,3,9.6289,1.4124,24.503,11.6289
erhaltene,2,3,9.6289,1.4124,24.503,11.6289
ungeschi,2,3,9.6289,1.4124,24.503,11.6289
keimen,2,3,9.6289,1.4124,24.503,11.6289
abgedrut,2,3,9.6289,1.4124,24.503,11.6289
bewertung,2,3,9.6289,1.4124,24.503,11.6289
paxteien,2,3,9.6289,1.4124,24.503,11.6289
zehnfachen,2,3,9.6289,1.4124,24.503,11.6289
tder,2,3,9.6289,1.4124,24.503,11.6289
versteigt,2,3,9.6289,1.4124,24.503,11.6289
propa,2,3,9.6289,1.4124,24.503,11.6289
higher,2,3,9.6289,1.4124,24.503,11.6289
kadaver,2,3,9.6289,1.4124,24.503,11.6289
emanzipation,2,3,9.6289,1.4124,24.503,11.6289
danieli,2,3,9.6289,1.4124,24.503,11.6289
geuug,2,3,9.6289,1.4124,24.503,11.6289
achtziger,2,3,9.6289,1.4124,24.503,11.6289
erhaltet,2,3,9.6289,1.4124,24.503,11.6289
reichstagsabgeordneter,2,3,9.6289,1.4124,24.503,11.6289
tuberkulosebehandlung,2,3,9.6289,1.4124,24.503,11.6289
knoblauch,2,3,9.6289,1.4124,24.503,11.6289
verschönerungsverein,2,3,9.6289,1.4124,24.503,11.6289
bartholomäus,2,3,9.6289,1.4124,24.503,11.6289
sklarz,2,3,9.6289,1.4124,24.503,11.6289
riesenschwindel,2,3,9.6289,1.4124,24.503,11.6289
räterischen,2,3,9.6289,1.4124,24.503,11.6289
auz,2,3,9.6289,1.4124,24.503,11.6289
waret,2,3,9.6289,1.4124,24.503,11.6289
unübertroffen,2,3,9.6289,1.4124,24.503,11.6289
britisch,2,3,9.6289,1.4124,24.503,11.6289
fla,2,3,9.6289,1.4124,24.503,11.6289
verschachern,2,3,9.6289,1.4124,24.503,11.6289
bone,2,3,9.6289,1.4124,24.503,11.6289
jüdinnen,2,3,9.6289,1.4124,24.503,11.6289
himmelschreienden,2,3,9.6289,1.4124,24.503,11.6289
ausschlaggebende,2,3,9.6289,1.4124,24.503,11.6289
einschlag,2,3,9.6289,1.4124,24.503,11.6289
zutreiber,2,3,9.6289,1.4124,24.503,11.6289
enug,2,3,9.6289,1.4124,24.503,11.6289
begegnung,2,3,9.6289,1.4124,24.503,11.6289
wirts,3,24,7.2138,1.7204,24.4322,10.3838
celle,3,24,7.2138,1.7204,24.4322,10.3838
spezialhaus,3,24,7.2138,1.7204,24.4322,10.3838
dee,4,86,5.7876,1.9638,24.4265,9.7876
hause,5,199,4.8991,2.1611,24.4213,9.543
politischen,5,199,4.8991,2.1611,24.4213,9.543
uur,4,87,5.7709,1.9634,24.3335,9.7709
nationalen,4,87,5.7709,1.9634,24.3335,9.7709
stellen,6,368,4.2752,2.323,24.2819,9.4452
derjenigen,3,25,7.1549,1.7199,24.1726,10.3249
gegeben,5,205,4.8563,2.1589,24.1306,9.5001
jahres,4,90,5.722,1.9621,24.061,9.722
bleiben,5,207,4.8423,2.1581,24.0357,9.4861
liste,4,91,5.706,1.9617,23.9723,9.706
folgende,5,209,4.8284,2.1574,23.9417,9.4723
weisheit,3,26,7.0984,1.7194,23.9239,10.2683
bewilligung,3,26,7.0984,1.7194,23.9239,10.2683
tendenz,3,26,7.0984,1.7194,23.9239,10.2683
feier,3,26,7.0984,1.7194,23.9239,10.2683
stimmt,4,92,5.6903,1.9613,23.8846,9.6903
tun,6,381,4.2252,2.3185,23.8837,9.3951
zeitungen,5,211,4.8147,2.1566,23.8487,9.4585
reich,6,383,4.2176,2.3178,23.8238,9.3875
sohn,4,94,5.6592,1.9604,23.7121,9.6592
minder,3,27,7.0439,1.7189,23.6853,10.2138
angehörigen,3,27,7.0439,1.7189,23.6853,10.2138
erhebt,3,27,7.0439,1.7189,23.6853,10.2138
gesamt,3,27,7.0439,1.7189,23.6853,10.2138
strasse,6,389,4.1952,2.3158,23.6459,9.3651
ware,4,97,5.6139,1.9592,23.4604,9.6139
bezeichnet,4,97,5.6139,1.9592,23.4604,9.6139
gtadt,3,28,6.9914,1.7184,23.4559,10.1614
wünscht,3,28,6.9914,1.7184,23.4559,10.1614
gefällt,3,28,6.9914,1.7184,23.4559,10.1614
quelle,3,28,6.9914,1.7184,23.4559,10.1614
christliche,3,28,6.9914,1.7184,23.4559,10.1614
ganzen,6,398,4.1622,2.3127,23.3844,9.3321
inzwischen,4,99,5.5845,1.9583,23.2971,9.5845
exr,3,29,6.9408,1.718,23.2351,10.1107
grade,3,29,6.9408,1.718,23.2351,10.1107
kämpft,3,29,6.9408,1.718,23.2351,10.1107
trifft,3,29,6.9408,1.718,23.2351,10.1107
rücken,3,29,6.9408,1.718,23.2351,10.1107
verloren,4,100,5.57,1.9579,23.2167,9.57
daraus,4,101,5.5556,1.9575,23.1371,9.5556
gefallen,4,101,5.5556,1.9575,23.1371,9.5556
tag,6,409,4.1228,2.3089,23.0733,9.2928
dumme,3,30,6.8919,1.7175,23.0223,10.0618
sih,3,30,6.8919,1.7175,23.0223,10.0618
wehren,3,30,6.8919,1.7175,23.0223,10.0618
menschen,6,411,4.1158,2.3082,23.0177,9.2857
men,5,230,4.6903,2.1495,23.0085,9.3341
könnten,4,104,5.5134,1.9562,22.9033,9.5134
fort,4,104,5.5134,1.9562,22.9033,9.5134
zwe,4,105,5.4996,1.9558,22.827,9.4996
beide,4,105,5.4996,1.9558,22.827,9.4996
blut,4,105,5.4996,1.9558,22.827,9.4996
haltung,3,31,6.8446,1.717,22.8168,10.0145
erlaubt,3,31,6.8446,1.717,22.8168,10.0145
vorsitzende,3,31,6.8446,1.717,22.8168,10.0145
handvoll,2,4,9.2138,1.4118,22.7786,11.2138
zeugnisses,2,4,9.2138,1.4118,22.7786,11.2138
einzuleiten,2,4,9.2138,1.4118,22.7786,11.2138
begrüsste,2,4,9.2138,1.4118,22.7786,11.2138
eingewanderten,2,4,9.2138,1.4118,22.7786,11.2138
weltherrschaft,2,4,9.2138,1.4118,22.7786,11.2138
sabbath,2,4,9.2138,1.4118,22.7786,11.2138
advokaten,2,4,9.2138,1.4118,22.7786,11.2138
tech,2,4,9.2138,1.4118,22.7786,11.2138
besorgten,2,4,9.2138,1.4118,22.7786,11.2138
gefnechtet,2,4,9.2138,1.4118,22.7786,11.2138
aufer,2,4,9.2138,1.4118,22.7786,11.2138
achern,2,4,9.2138,1.4118,22.7786,11.2138
gewinnsucht,2,4,9.2138,1.4118,22.7786,11.2138
ari,2,4,9.2138,1.4118,22.7786,11.2138
wum,2,4,9.2138,1.4118,22.7786,11.2138
literaten,2,4,9.2138,1.4118,22.7786,11.2138
dienstzimmer,2,4,9.2138,1.4118,22.7786,11.2138
instinktiv,2,4,9.2138,1.4118,22.7786,11.2138
amerikanisch,2,4,9.2138,1.4118,22.7786,11.2138
verteilten,2,4,9.2138,1.4118,22.7786,11.2138
strassburger,2,4,9.2138,1.4118,22.7786,11.2138
ritual,2,4,9.2138,1.4118,22.7786,11.2138
dittmann,2,4,9.2138,1.4118,22.7786,11.2138
verjudete,2,4,9.2138,1.4118,22.7786,11.2138
grundlagen,2,4,9.2138,1.4118,22.7786,11.2138
centralvereins,2,4,9.2138,1.4118,22.7786,11.2138
vergiftete,2,4,9.2138,1.4118,22.7786,11.2138
flotte,2,4,9.2138,1.4118,22.7786,11.2138
feist,2,4,9.2138,1.4118,22.7786,11.2138
hintergrunde,2,4,9.2138,1.4118,22.7786,11.2138
judenhänden,2,4,9.2138,1.4118,22.7786,11.2138
meien,2,4,9.2138,1.4118,22.7786,11.2138
tug,2,4,9.2138,1.4118,22.7786,11.2138
fozialdemokratische,2,4,9.2138,1.4118,22.7786,11.2138
berufungs,2,4,9.2138,1.4118,22.7786,11.2138
schändet,2,4,9.2138,1.4118,22.7786,11.2138
borlagen,2,4,9.2138,1.4118,22.7786,11.2138
stockholm,2,4,9.2138,1.4118,22.7786,11.2138
moritz,2,4,9.2138,1.4118,22.7786,11.2138
galizische,2,4,9.2138,1.4118,22.7786,11.2138
arnold,2,4,9.2138,1.4118,22.7786,11.2138
gesezbuch,2,4,9.2138,1.4118,22.7786,11.2138
now,2,4,9.2138,1.4118,22.7786,11.2138
ritus,2,4,9.2138,1.4118,22.7786,11.2138
not,6,425,4.0675,2.3034,22.6363,9.2374
diefen,3,32,6.7988,1.7165,22.6183,9.9687
gefordert,3,32,6.7988,1.7165,22.6183,9.9687
gierung,3,32,6.7988,1.7165,22.6183,9.9687
tausenden,3,32,6.7988,1.7165,22.6183,9.9687
verfahren,4,108,5.4589,1.9545,22.6023,9.4589
wirt,4,109,5.4457,1.9541,22.5288,9.4457
nämlich,5,243,4.611,2.1446,22.4746,9.2548
merkt,3,33,6.7544,1.716,22.4263,9.9243
überzeugen,3,33,6.7544,1.716,22.4263,9.9243
jahren,6,434,4.0372,2.3003,22.3982,9.2072
land,6,438,4.024,2.2989,22.2941,9.1939
händler,3,34,6.7113,1.7155,22.2403,9.8813
allgemeinen,4,115,5.3683,1.9516,22.1024,9.3683
gestattet,3,35,6.6695,1.715,22.0601,9.8394
paar,4,118,5.3312,1.9503,21.8978,9.3312
gebieten,3,36,6.6289,1.7145,21.8851,9.7988
pläne,3,36,6.6289,1.7145,21.8851,9.7988
rie,3,36,6.6289,1.7145,21.8851,9.7988
dennoch,3,36,6.6289,1.7145,21.8851,9.7988
ueber,4,119,5.319,1.9499,21.8308,9.319
angestellten,4,120,5.3069,1.9495,21.7644,9.3069
schüssen,3,37,6.5893,1.7141,21.7153,9.7593
beseitigt,3,37,6.5893,1.7141,21.7153,9.7593
lohstrasse,3,37,6.5893,1.7141,21.7153,9.7593
ten,6,462,3.9471,2.2907,21.69,9.117
weder,4,122,5.2831,1.9486,21.6333,9.2831
bericht,4,122,5.2831,1.9486,21.6333,9.2831
neue,6,465,3.9377,2.2896,21.6168,9.1076
festgesezt,2,5,8.8919,1.4112,21.5953,10.8919
neueren,2,5,8.8919,1.4112,21.5953,10.8919
qual,2,5,8.8919,1.4112,21.5953,10.8919
gepflegt,2,5,8.8919,1.4112,21.5953,10.8919
fraten,2,5,8.8919,1.4112,21.5953,10.8919
mildern,2,5,8.8919,1.4112,21.5953,10.8919
mitbürgern,2,5,8.8919,1.4112,21.5953,10.8919
angeführt,2,5,8.8919,1.4112,21.5953,10.8919
ministerialdirektor,2,5,8.8919,1.4112,21.5953,10.8919
hassen,2,5,8.8919,1.4112,21.5953,10.8919
bequemlichkeit,2,5,8.8919,1.4112,21.5953,10.8919
russe,2,5,8.8919,1.4112,21.5953,10.8919
schmarosser,2,5,8.8919,1.4112,21.5953,10.8919
erstaunlicher,2,5,8.8919,1.4112,21.5953,10.8919
fremdrassige,2,5,8.8919,1.4112,21.5953,10.8919
funft,2,5,8.8919,1.4112,21.5953,10.8919
stüssenden,2,5,8.8919,1.4112,21.5953,10.8919
tif,2,5,8.8919,1.4112,21.5953,10.8919
ueberfremdung,2,5,8.8919,1.4112,21.5953,10.8919
mitläufer,2,5,8.8919,1.4112,21.5953,10.8919
menschenverstande,2,5,8.8919,1.4112,21.5953,10.8919
kontakt,2,5,8.8919,1.4112,21.5953,10.8919
nachkommenschaft,2,5,8.8919,1.4112,21.5953,10.8919
verführer,2,5,8.8919,1.4112,21.5953,10.8919
jacoby,2,5,8.8919,1.4112,21.5953,10.8919
ränken,2,5,8.8919,1.4112,21.5953,10.8919
zionisten,2,5,8.8919,1.4112,21.5953,10.8919
inf,2,5,8.8919,1.4112,21.5953,10.8919
gereicht,2,5,8.8919,1.4112,21.5953,10.8919
rothermere,2,5,8.8919,1.4112,21.5953,10.8919
liberalen,2,5,8.8919,1.4112,21.5953,10.8919
magst,2,5,8.8919,1.4112,21.5953,10.8919
sämtliche,4,123,5.2713,1.9482,21.5686,9.2713
folge,4,123,5.2713,1.9482,21.5686,9.2713
philipp,3,38,6.5509,1.7136,21.5502,9.7208
lernen,3,38,6.5509,1.7136,21.5502,9.7208
zeigt,4,125,5.2481,1.9474,21.4408,9.2481
bevölkerung,4,125,5.2481,1.9474,21.4408,9.2481
gustav,3,39,6.5134,1.7131,21.3896,9.6833
schein,3,39,6.5134,1.7131,21.3896,9.6833
abgeordnete,3,39,6.5134,1.7131,21.3896,9.6833
kind,4,127,5.2252,1.9465,21.3151,9.2252
feste,3,40,6.4769,1.7126,21.2333,9.6468
wucher,3,40,6.4769,1.7126,21.2333,9.6468
fängt,3,40,6.4769,1.7126,21.2333,9.6468
jelbst,3,40,6.4769,1.7126,21.2333,9.6468
briefe,3,40,6.4769,1.7126,21.2333,9.6468
geiste,3,40,6.4769,1.7126,21.2333,9.6468
sozialdemokratie,4,129,5.2026,1.9457,21.1915,9.2026
gleich,5,280,4.4065,2.1306,21.1058,9.0503
kreuz,3,41,6.4412,1.7121,21.0811,9.6112
aufgestellt,3,41,6.4412,1.7121,21.0811,9.6112
stettin,3,41,6.4412,1.7121,21.0811,9.6112
freunde,4,133,5.1586,1.944,20.9501,9.1586
mar,3,42,6.4065,1.7116,20.9327,9.5764
karstadt,3,42,6.4065,1.7116,20.9327,9.5764
getragen,3,42,6.4065,1.7116,20.9327,9.5764
heiligen,3,42,6.4065,1.7116,20.9327,9.5764
erlebt,3,42,6.4065,1.7116,20.9327,9.5764
liegt,5,286,4.3759,2.1284,20.9019,9.0197
dadurch,4,134,5.1477,1.9436,20.891,9.1477
politische,4,134,5.1477,1.9436,20.891,9.1477
münchen,3,43,6.3725,1.7111,20.7879,9.5425
wohin,3,43,6.3725,1.7111,20.7879,9.5425
laufe,3,43,6.3725,1.7111,20.7879,9.5425
ausgerechnet,3,43,6.3725,1.7111,20.7879,9.5425
schaffen,4,136,5.1264,1.9427,20.774,9.1264
wahrheit,5,291,4.3509,2.1265,20.7355,8.9947
plan,4,137,5.1158,1.9423,20.7162,9.1158
schmähungen,2,6,8.6289,1.4106,20.689,10.6289
untertanen,2,6,8.6289,1.4106,20.689,10.6289
ligen,2,6,8.6289,1.4106,20.689,10.6289
schuhwaren,2,6,8.6289,1.4106,20.689,10.6289
lungsweise,2,6,8.6289,1.4106,20.689,10.6289
nähren,2,6,8.6289,1.4106,20.689,10.6289
volkslied,2,6,8.6289,1.4106,20.689,10.6289
gerissenheit,2,6,8.6289,1.4106,20.689,10.6289
gewähre,2,6,8.6289,1.4106,20.689,10.6289
überwiegend,2,6,8.6289,1.4106,20.689,10.6289
banten,2,6,8.6289,1.4106,20.689,10.6289
materializmus,2,6,8.6289,1.4106,20.689,10.6289
elfriede,2,6,8.6289,1.4106,20.689,10.6289
sondergleichen,2,6,8.6289,1.4106,20.689,10.6289
wucherer,2,6,8.6289,1.4106,20.689,10.6289
sondert,2,6,8.6289,1.4106,20.689,10.6289
arischen,2,6,8.6289,1.4106,20.689,10.6289
schächten,2,6,8.6289,1.4106,20.689,10.6289
erraten,2,6,8.6289,1.4106,20.689,10.6289
werf,2,6,8.6289,1.4106,20.689,10.6289
bolkszeitung,2,6,8.6289,1.4106,20.689,10.6289
repu,2,6,8.6289,1.4106,20.689,10.6289
hiessen,2,6,8.6289,1.4106,20.689,10.6289
fünfzehn,2,6,8.6289,1.4106,20.689,10.6289
deshalb,4,138,5.1053,1.9419,20.6588,9.1053
osnabrück,7,773,3.4269,2.3997,20.6251,9.0416
halten,5,295,4.3312,2.125,20.6046,8.9751
falle,4,139,5.0949,1.9415,20.6019,9.0949
erster,4,140,5.0846,1.9411,20.5454,9.0846
ebenfalls,4,141,5.0743,1.9406,20.4893,9.0743
hätte,6,516,3.7876,2.2721,20.446,8.9575
bezahlen,4,143,5.054,1.9398,20.3784,9.054
bereit,4,143,5.054,1.9398,20.3784,9.054
lesen,4,143,5.054,1.9398,20.3784,9.054
methode,3,46,6.2752,1.7097,20.374,9.4452
herren,6,521,3.7737,2.2704,20.338,8.9436
finanzminister,3,47,6.2442,1.7092,20.2423,9.4141
lebt,3,47,6.2442,1.7092,20.2423,9.4141
betrachten,3,47,6.2442,1.7092,20.2423,9.4141
verfassung,3,47,6.2442,1.7092,20.2423,9.4141
jet,3,48,6.2138,1.7087,20.1135,9.3838
gelde,3,48,6.2138,1.7087,20.1135,9.3838
ungefähr,3,48,6.2138,1.7087,20.1135,9.3838
dürfen,4,150,4.985,1.9368,20.0025,8.985
bestraft,3,49,6.1841,1.7082,19.9875,9.354
mantel,3,49,6.1841,1.7082,19.9875,9.354
erkannt,3,49,6.1841,1.7082,19.9875,9.354
basel,2,7,8.4065,1.41,19.953,10.4065
eindringen,2,7,8.4065,1.41,19.953,10.4065
weltfinanz,2,7,8.4065,1.41,19.953,10.4065
offizielle,2,7,8.4065,1.41,19.953,10.4065
verseuchte,2,7,8.4065,1.41,19.953,10.4065
gunst,2,7,8.4065,1.41,19.953,10.4065
asien,2,7,8.4065,1.41,19.953,10.4065
arische,2,7,8.4065,1.41,19.953,10.4065
aufzufordern,2,7,8.4065,1.41,19.953,10.4065
verunglimpfungen,2,7,8.4065,1.41,19.953,10.4065
gültigkeit,2,7,8.4065,1.41,19.953,10.4065
sanitätsrat,2,7,8.4065,1.41,19.953,10.4065
stetig,2,7,8.4065,1.41,19.953,10.4065
getauft,2,7,8.4065,1.41,19.953,10.4065
herrscher,2,7,8.4065,1.41,19.953,10.4065
unverschämtheit,2,7,8.4065,1.41,19.953,10.4065
golde,2,7,8.4065,1.41,19.953,10.4065
schwimmen,2,7,8.4065,1.41,19.953,10.4065
geldnot,2,7,8.4065,1.41,19.953,10.4065
ersass,2,7,8.4065,1.41,19.953,10.4065
osnabrüg,2,7,8.4065,1.41,19.953,10.4065
sklave,2,7,8.4065,1.41,19.953,10.4065
kreuze,2,7,8.4065,1.41,19.953,10.4065
hilfsverein,2,7,8.4065,1.41,19.953,10.4065
partie,2,7,8.4065,1.41,19.953,10.4065
discher,2,7,8.4065,1.41,19.953,10.4065
riechen,2,7,8.4065,1.41,19.953,10.4065
kapitalistische,2,7,8.4065,1.41,19.953,10.4065
bankdirektoren,2,7,8.4065,1.41,19.953,10.4065
verpflegung,2,7,8.4065,1.41,19.953,10.4065
einzelnen,4,151,4.9754,1.9364,19.9503,8.9754
ung,4,151,4.9754,1.9364,19.9503,8.9754
findet,4,152,4.9659,1.936,19.8985,8.9659
sollten,4,152,4.9659,1.936,19.8985,8.9659
landgericht,3,50,6.1549,1.7077,19.8641,9.3249
rechten,3,50,6.1549,1.7077,19.8641,9.3249
nimmt,4,154,4.9471,1.9352,19.7959,8.9471
david,3,51,6.1264,1.7073,19.7433,9.2963
wahl,4,156,4.9284,1.9343,19.6947,8.9284
sprechen,4,156,4.9284,1.9343,19.6947,8.9284
osnabrücer,3,52,6.0984,1.7068,19.625,9.2683
deren,5,327,4.1826,2.1129,19.6201,8.8265
gelegenheit,4,159,4.901,1.9331,19.5454,8.901
bezug,3,53,6.0709,1.7063,19.509,9.2408
unternehmen,3,53,6.0709,1.7063,19.509,9.2408
mehrheit,3,53,6.0709,1.7063,19.509,9.2408
auss,3,53,6.0709,1.7063,19.509,9.2408
brot,4,160,4.8919,1.9326,19.4963,8.8919
gründe,3,54,6.0439,1.7058,19.3952,9.2138
höhere,3,54,6.0439,1.7058,19.3952,9.2138
menge,3,54,6.0439,1.7058,19.3952,9.2138
hörigen,2,8,8.2138,1.4095,19.3331,10.2138
wochenschau,2,8,8.2138,1.4095,19.3331,10.2138
anblick,2,8,8.2138,1.4095,19.3331,10.2138
wunsche,2,8,8.2138,1.4095,19.3331,10.2138
chaim,2,8,8.2138,1.4095,19.3331,10.2138
seins,2,8,8.2138,1.4095,19.3331,10.2138
teiles,2,8,8.2138,1.4095,19.3331,10.2138
jahrhunderten,2,8,8.2138,1.4095,19.3331,10.2138
frühen,2,8,8.2138,1.4095,19.3331,10.2138
vertrieben,2,8,8.2138,1.4095,19.3331,10.2138
bac,2,8,8.2138,1.4095,19.3331,10.2138
vorschub,2,8,8.2138,1.4095,19.3331,10.2138
landsberg,2,8,8.2138,1.4095,19.3331,10.2138
unterdrückten,2,8,8.2138,1.4095,19.3331,10.2138
pfeift,2,8,8.2138,1.4095,19.3331,10.2138
russ,2,8,8.2138,1.4095,19.3331,10.2138
mossbach,2,8,8.2138,1.4095,19.3331,10.2138
entgehen,2,8,8.2138,1.4095,19.3331,10.2138
jest,2,8,8.2138,1.4095,19.3331,10.2138
erlegen,2,8,8.2138,1.4095,19.3331,10.2138
ausbreitung,2,8,8.2138,1.4095,19.3331,10.2138
versorgt,2,8,8.2138,1.4095,19.3331,10.2138
schäfte,2,8,8.2138,1.4095,19.3331,10.2138
stadträte,2,8,8.2138,1.4095,19.3331,10.2138
beigebracht,2,8,8.2138,1.4095,19.3331,10.2138
ted,2,8,8.2138,1.4095,19.3331,10.2138
beleidigte,2,8,8.2138,1.4095,19.3331,10.2138
verbinden,2,8,8.2138,1.4095,19.3331,10.2138
betenstrasse,2,8,8.2138,1.4095,19.3331,10.2138
fall,5,339,4.1306,2.1084,19.2772,8.7745
nac,4,165,4.8475,1.9305,19.2554,8.8475
zahl,4,165,4.8475,1.9305,19.2554,8.8475
dürfte,4,166,4.8388,1.9301,19.2082,8.8388
wider,3,56,5.9914,1.7048,19.1742,9.1614
reichen,3,56,5.9914,1.7048,19.1742,9.1614
zun,3,56,5.9914,1.7048,19.1742,9.1614
berg,3,56,5.9914,1.7048,19.1742,9.1614
ernst,4,168,4.8215,1.9293,19.1145,8.8215
pro,4,169,4.813,1.9288,19.0682,8.813
verhandlungen,3,57,5.9659,1.7043,19.0668,9.1358
versuchen,3,57,5.9659,1.7043,19.0668,9.1358
national,3,57,5.9659,1.7043,19.0668,9.1358
sozialdemokratischen,3,57,5.9659,1.7043,19.0668,9.1358
beamte,4,171,4.796,1.928,18.9763,8.796
tross,4,171,4.796,1.928,18.9763,8.796
billiger,3,58,5.9408,1.7039,18.9613,9.1107
praxis,3,58,5.9408,1.7039,18.9613,9.1107
adresse,3,58,5.9408,1.7039,18.9613,9.1107
lösung,3,59,5.9162,1.7034,18.8577,9.0861
ernannt,2,9,8.0439,1.4089,18.7975,10.0439
mühsam,2,9,8.0439,1.4089,18.7975,10.0439
geschlecht,2,9,8.0439,1.4089,18.7975,10.0439
parlamente,2,9,8.0439,1.4089,18.7975,10.0439
abzunehmen,2,9,8.0439,1.4089,18.7975,10.0439
stinkt,2,9,8.0439,1.4089,18.7975,10.0439
geige,2,9,8.0439,1.4089,18.7975,10.0439
wandert,2,9,8.0439,1.4089,18.7975,10.0439
friedhof,2,9,8.0439,1.4089,18.7975,10.0439
anstrich,2,9,8.0439,1.4089,18.7975,10.0439
geistlichkeit,2,9,8.0439,1.4089,18.7975,10.0439
fum,2,9,8.0439,1.4089,18.7975,10.0439
arbeiteten,2,9,8.0439,1.4089,18.7975,10.0439
einsichtigen,2,9,8.0439,1.4089,18.7975,10.0439
knechte,2,9,8.0439,1.4089,18.7975,10.0439
anklagebank,2,9,8.0439,1.4089,18.7975,10.0439
oberste,2,9,8.0439,1.4089,18.7975,10.0439
polnische,2,9,8.0439,1.4089,18.7975,10.0439
gemeinschaft,3,60,5.8919,1.7029,18.7559,9.0618
zusammen,4,178,4.7381,1.9251,18.6634,8.7381
persönlichen,3,61,5.8681,1.7024,18.6559,9.038
roggen,4,180,4.722,1.9242,18.5763,8.722
feinem,3,62,5.8446,1.7019,18.5575,9.0145
nabrücker,3,63,5.8215,1.7014,18.4608,8.9914
wissen,6,617,3.5297,2.2374,18.4592,8.6996
erste,4,184,4.6903,1.9225,18.4053,8.6903
vertreter,4,184,4.6903,1.9225,18.4053,8.6903
erfolge,3,64,5.7988,1.7009,18.3657,8.9687
befinden,3,64,5.7988,1.7009,18.3657,8.9687
auserwählten,2,10,7.8919,1.4083,18.3258,9.8919
feiertage,2,10,7.8919,1.4083,18.3258,9.8919
wegung,2,10,7.8919,1.4083,18.3258,9.8919
gefährlicher,2,10,7.8919,1.4083,18.3258,9.8919
oberbür,2,10,7.8919,1.4083,18.3258,9.8919
gebahren,2,10,7.8919,1.4083,18.3258,9.8919
schiebungen,2,10,7.8919,1.4083,18.3258,9.8919
abhalten,2,10,7.8919,1.4083,18.3258,9.8919
best,2,10,7.8919,1.4083,18.3258,9.8919
werkzeug,2,10,7.8919,1.4083,18.3258,9.8919
geschenkt,2,10,7.8919,1.4083,18.3258,9.8919
aufgeklärt,2,10,7.8919,1.4083,18.3258,9.8919
galizien,2,10,7.8919,1.4083,18.3258,9.8919
donau,2,10,7.8919,1.4083,18.3258,9.8919
haltet,2,10,7.8919,1.4083,18.3258,9.8919
belegen,2,10,7.8919,1.4083,18.3258,9.8919
marxist,2,10,7.8919,1.4083,18.3258,9.8919
jeweilige,2,10,7.8919,1.4083,18.3258,9.8919
eingeständnis,2,10,7.8919,1.4083,18.3258,9.8919
gott,4,186,4.6747,1.9217,18.3212,8.6747
front,3,65,5.7764,1.7005,18.2721,8.9464
keit,3,65,5.7764,1.7005,18.2721,8.9464
tat,4,189,4.6516,1.9204,18.1969,8.6516
mus,3,66,5.7544,1.7,18.18,8.9243
erhalten,5,384,3.9508,2.0915,18.0977,8.5947
inhaber,3,67,5.7327,1.6995,18.0894,8.9026
denken,4,192,4.6289,1.9192,18.0746,8.6289
besten,4,193,4.6214,1.9187,18.0343,8.6214
erledigt,3,68,5.7113,1.699,18.0002,8.8813
fragen,4,194,4.6139,1.9183,17.9942,8.6139
mag,4,195,4.6065,1.9179,17.9543,8.6065
berichtet,3,69,5.6903,1.6985,17.9123,8.8602
palästina,2,11,7.7544,1.4077,17.9045,9.7544
mant,2,11,7.7544,1.4077,17.9045,9.7544
schie,2,11,7.7544,1.4077,17.9045,9.7544
site,2,11,7.7544,1.4077,17.9045,9.7544
siss,2,11,7.7544,1.4077,17.9045,9.7544
profit,2,11,7.7544,1.4077,17.9045,9.7544
verstande,2,11,7.7544,1.4077,17.9045,9.7544
verschlossenen,2,11,7.7544,1.4077,17.9045,9.7544
niederlage,2,11,7.7544,1.4077,17.9045,9.7544
gelitten,2,11,7.7544,1.4077,17.9045,9.7544
netheim,2,11,7.7544,1.4077,17.9045,9.7544
herkommen,2,11,7.7544,1.4077,17.9045,9.7544
sache,5,392,3.9211,2.0885,17.9036,8.5649
nachdem,4,198,4.5845,1.9166,17.8359,8.5845
markt,3,70,5.6695,1.698,17.8257,8.8394
tisch,3,70,5.6695,1.698,17.8257,8.8394
einzig,3,70,5.6695,1.698,17.8257,8.8394
bewilligt,3,70,5.6695,1.698,17.8257,8.8394
wahren,3,70,5.6695,1.698,17.8257,8.8394
fremden,3,70,5.6695,1.698,17.8257,8.8394
dev,3,70,5.6695,1.698,17.8257,8.8394
erkennen,3,70,5.6695,1.698,17.8257,8.8394
tagen,4,200,4.57,1.9158,17.7581,8.57
versuch,3,71,5.6491,1.6975,17.7404,8.819
sogenannten,3,72,5.6289,1.697,17.6564,8.7988
vormittag,2,12,7.6289,1.4071,17.5238,9.6289
trieben,2,12,7.6289,1.4071,17.5238,9.6289
wirtschaftsleben,2,12,7.6289,1.4071,17.5238,9.6289
trennung,2,12,7.6289,1.4071,17.5238,9.6289
schweinerei,2,12,7.6289,1.4071,17.5238,9.6289
erei,2,12,7.6289,1.4071,17.5238,9.6289
deutschtum,2,12,7.6289,1.4071,17.5238,9.6289
dokument,2,12,7.6289,1.4071,17.5238,9.6289
drahtzieher,2,12,7.6289,1.4071,17.5238,9.6289
vonr,2,12,7.6289,1.4071,17.5238,9.6289
unverfrorenheit,2,12,7.6289,1.4071,17.5238,9.6289
wallstreet,2,12,7.6289,1.4071,17.5238,9.6289
deffentlichfeit,2,12,7.6289,1.4071,17.5238,9.6289
diefer,3,74,5.5893,1.6961,17.4919,8.7593
sicht,3,74,5.5893,1.6961,17.4919,8.7593
fam,3,74,5.5893,1.6961,17.4919,8.7593
zinsen,3,74,5.5893,1.6961,17.4919,8.7593
wen,3,74,5.5893,1.6961,17.4919,8.7593
gutes,3,75,5.57,1.6956,17.4113,8.7399
erhielt,3,75,5.57,1.6956,17.4113,8.7399
neuen,5,415,3.8388,2.0798,17.3686,8.4827
geblieben,3,76,5.5509,1.6951,17.3319,8.7208
magistrat,5,417,3.8319,2.079,17.3236,8.4757
absolut,3,77,5.532,1.6946,17.2536,8.7019
etwa,5,423,3.8113,2.0768,17.1899,8.4551
schimpfen,2,13,7.5134,1.4065,17.1765,9.5134
element,2,13,7.5134,1.4065,17.1765,9.5134
freundlich,2,13,7.5134,1.4065,17.1765,9.5134
christus,2,13,7.5134,1.4065,17.1765,9.5134
goldes,2,13,7.5134,1.4065,17.1765,9.5134
menschenrechte,2,13,7.5134,1.4065,17.1765,9.5134
winter,3,78,5.5134,1.6941,17.1763,8.6833
tie,4,217,4.4523,1.9086,17.1277,8.4523
darauf,5,426,3.8011,2.0756,17.1239,8.4449
lung,3,79,5.495,1.6936,17.1001,8.6649
bauer,3,79,5.495,1.6936,17.1001,8.6649
hen,4,219,4.439,1.9078,17.057,8.439
dienen,3,80,5.4769,1.6932,17.0248,8.6468
bewusst,3,80,5.4769,1.6932,17.0248,8.6468
rolle,3,81,5.4589,1.6927,16.9506,8.6289
ven,4,223,4.4129,1.9061,16.9176,8.4129
staates,3,82,5.4412,1.6922,16.8772,8.6112
finanzpolitik,2,14,7.4065,1.4059,16.8573,9.4065
marxistische,2,14,7.4065,1.4059,16.8573,9.4065
gliedern,2,14,7.4065,1.4059,16.8573,9.4065
heimstätten,2,14,7.4065,1.4059,16.8573,9.4065
typisch,2,14,7.4065,1.4059,16.8573,9.4065
läge,2,14,7.4065,1.4059,16.8573,9.4065
dorlars,2,14,7.4065,1.4059,16.8573,9.4065
manu,2,14,7.4065,1.4059,16.8573,9.4065
verlogenheit,2,14,7.4065,1.4059,16.8573,9.4065
judenpresse,2,14,7.4065,1.4059,16.8573,9.4065
flagge,2,14,7.4065,1.4059,16.8573,9.4065
spiele,2,14,7.4065,1.4059,16.8573,9.4065
kaum,4,226,4.3937,1.9049,16.8148,8.3937
langsam,3,83,5.4238,1.6917,16.8048,8.5937
revolution,3,84,5.4065,1.6912,16.7333,8.5764
freude,3,85,5.3894,1.6907,16.6627,8.5593
handelt,4,231,4.3621,1.9027,16.6466,8.3621
arbeiten,4,232,4.3559,1.9023,16.6134,8.3559
nummer,4,232,4.3559,1.9023,16.6134,8.3559
frage,5,450,3.722,2.0666,16.613,8.3658
gaben,3,86,5.3725,1.6902,16.593,8.5425
stelle,5,451,3.7188,2.0662,16.5924,8.3626
erfennen,2,15,7.3069,1.4053,16.562,9.3069
inseraten,2,15,7.3069,1.4053,16.562,9.3069
erwerbs,2,15,7.3069,1.4053,16.562,9.3069
tieren,2,15,7.3069,1.4053,16.562,9.3069
falscher,2,15,7.3069,1.4053,16.562,9.3069
entfernung,2,15,7.3069,1.4053,16.562,9.3069
lord,2,15,7.3069,1.4053,16.562,9.3069
schollmeyer,2,15,7.3069,1.4053,16.562,9.3069
geführten,2,15,7.3069,1.4053,16.562,9.3069
scha,2,15,7.3069,1.4053,16.562,9.3069
bewussten,2,15,7.3069,1.4053,16.562,9.3069
weih,2,15,7.3069,1.4053,16.562,9.3069
maul,2,15,7.3069,1.4053,16.562,9.3069
bedarf,3,87,5.3559,1.6898,16.524,8.5258
handel,3,88,5.3394,1.6893,16.456,8.5093
tage,5,459,3.6934,2.0632,16.429,8.3373
brauchen,3,89,5.3231,1.6888,16.3887,8.493
sogar,4,239,4.313,1.8994,16.3853,8.313
polnischen,2,16,7.2138,1.4047,16.2873,9.2138
urheber,2,16,7.2138,1.4047,16.2873,9.2138
hatry,2,16,7.2138,1.4047,16.2873,9.2138
tete,2,16,7.2138,1.4047,16.2873,9.2138
schriftsteller,2,16,7.2138,1.4047,16.2873,9.2138
erworben,2,16,7.2138,1.4047,16.2873,9.2138
bewegen,2,16,7.2138,1.4047,16.2873,9.2138
fälschung,2,16,7.2138,1.4047,16.2873,9.2138
grüne,2,16,7.2138,1.4047,16.2873,9.2138
thalheim,2,16,7.2138,1.4047,16.2873,9.2138
betrüger,2,16,7.2138,1.4047,16.2873,9.2138
gesichert,2,16,7.2138,1.4047,16.2873,9.2138
laden,3,92,5.2752,1.6873,16.1914,8.4452
russland,3,93,5.2596,1.6868,16.1272,8.4296
erklären,3,93,5.2596,1.6868,16.1272,8.4296
anfang,3,93,5.2596,1.6868,16.1272,8.4296
daran,4,249,4.2538,1.8952,16.0715,8.2538
gesagt,4,249,4.2538,1.8952,16.0715,8.2538
grunde,3,94,5.2442,1.6864,16.0636,8.4141
reisenden,2,17,7.1264,1.4041,16.0305,9.1264
ewige,2,17,7.1264,1.4041,16.0305,9.1264
rist,2,17,7.1264,1.4041,16.0305,9.1264
herrlich,2,17,7.1264,1.4041,16.0305,9.1264
unglück,2,17,7.1264,1.4041,16.0305,9.1264
gift,2,17,7.1264,1.4041,16.0305,9.1264
zit,2,17,7.1264,1.4041,16.0305,9.1264
sichtbar,2,17,7.1264,1.4041,16.0305,9.1264
knapp,2,17,7.1264,1.4041,16.0305,9.1264
pass,2,17,7.1264,1.4041,16.0305,9.1264
beauftragt,2,17,7.1264,1.4041,16.0305,9.1264
asse,2,17,7.1264,1.4041,16.0305,9.1264
beweise,2,17,7.1264,1.4041,16.0305,9.1264
hahn,2,17,7.1264,1.4041,16.0305,9.1264
demgegenüber,2,17,7.1264,1.4041,16.0305,9.1264
schweigt,2,17,7.1264,1.4041,16.0305,9.1264
herbeigeführt,2,17,7.1264,1.4041,16.0305,9.1264
losigkeit,2,17,7.1264,1.4041,16.0305,9.1264
zwingt,2,17,7.1264,1.4041,16.0305,9.1264
gold,3,95,5.2289,1.6859,16.0008,8.3989
haft,3,95,5.2289,1.6859,16.0008,8.3989
ehe,3,95,5.2289,1.6859,16.0008,8.3989
werk,3,96,5.2138,1.6854,15.9386,8.3838
aufs,3,96,5.2138,1.6854,15.9386,8.3838
eigenen,4,254,4.2252,1.8931,15.9196,8.2252
vertreten,3,97,5.1989,1.6849,15.8772,8.3688
treten,3,97,5.1989,1.6849,15.8772,8.3688
ehre,3,97,5.1989,1.6849,15.8772,8.3688
beleidigung,3,97,5.1989,1.6849,15.8772,8.3688
zentrum,4,256,4.2138,1.8922,15.8597,8.2138
goldenen,2,18,7.0439,1.4035,15.7894,9.0439
befand,2,18,7.0439,1.4035,15.7894,9.0439
gesesse,2,18,7.0439,1.4035,15.7894,9.0439
fielen,2,18,7.0439,1.4035,15.7894,9.0439
intelligenz,2,18,7.0439,1.4035,15.7894,9.0439
zerstören,2,18,7.0439,1.4035,15.7894,9.0439
vorgelegt,2,18,7.0439,1.4035,15.7894,9.0439
fliegen,2,18,7.0439,1.4035,15.7894,9.0439
geschenk,2,18,7.0439,1.4035,15.7894,9.0439
kinderwagen,2,18,7.0439,1.4035,15.7894,9.0439
bände,2,18,7.0439,1.4035,15.7894,9.0439
har,2,18,7.0439,1.4035,15.7894,9.0439
fondern,2,18,7.0439,1.4035,15.7894,9.0439
kurt,2,18,7.0439,1.4035,15.7894,9.0439
mäd,2,18,7.0439,1.4035,15.7894,9.0439
antragsteller,2,18,7.0439,1.4035,15.7894,9.0439
früherer,2,18,7.0439,1.4035,15.7894,9.0439
wirklich,4,259,4.197,1.891,15.7708,8.197
preise,4,259,4.197,1.891,15.7708,8.197
opfer,3,102,5.1264,1.6825,15.5794,8.2963
liga,2,19,6.9659,1.4029,15.5622,8.9659
reinigung,2,19,6.9659,1.4029,15.5622,8.9659
mächtig,2,19,6.9659,1.4029,15.5622,8.9659
friede,2,19,6.9659,1.4029,15.5622,8.9659
bekennen,2,19,6.9659,1.4029,15.5622,8.9659
technik,2,19,6.9659,1.4029,15.5622,8.9659
eigenartige,2,19,6.9659,1.4029,15.5622,8.9659
abwehr,2,19,6.9659,1.4029,15.5622,8.9659
handen,2,19,6.9659,1.4029,15.5622,8.9659
ausländischer,2,19,6.9659,1.4029,15.5622,8.9659
reichsverfassung,2,19,6.9659,1.4029,15.5622,8.9659
augen,4,267,4.1531,1.8876,15.539,8.1531
sucht,3,103,5.1123,1.682,15.5216,8.2822
elend,3,103,5.1123,1.682,15.5216,8.2822
gewissen,3,105,5.0846,1.681,15.4079,8.2545
fen,3,105,5.0846,1.681,15.4079,8.2545
sen,3,106,5.0709,1.6805,15.3519,8.2408
franz,3,106,5.0709,1.6805,15.3519,8.2408
montag,3,106,5.0709,1.6805,15.3519,8.2408
tum,2,20,6.8919,1.4023,15.3474,8.8919
vorwürfe,2,20,6.8919,1.4023,15.3474,8.8919
gestürzt,2,20,6.8919,1.4023,15.3474,8.8919
pflegt,2,20,6.8919,1.4023,15.3474,8.8919
urteilt,2,20,6.8919,1.4023,15.3474,8.8919
elemente,2,20,6.8919,1.4023,15.3474,8.8919
zahlungs,2,20,6.8919,1.4023,15.3474,8.8919
konditormeister,2,20,6.8919,1.4023,15.3474,8.8919
bankrott,2,20,6.8919,1.4023,15.3474,8.8919
darum,4,276,4.1053,1.8838,15.287,8.1053
halb,3,108,5.0439,1.6795,15.2415,8.2138
brachte,3,108,5.0439,1.6795,15.2415,8.2138
stark,3,109,5.0306,1.6791,15.1871,8.2005
fallen,3,109,5.0306,1.6791,15.1871,8.2005
inen,2,21,6.8215,1.4017,15.1437,8.8215
irgendwo,2,21,6.8215,1.4017,15.1437,8.8215
regeln,2,21,6.8215,1.4017,15.1437,8.8215
vertretung,2,21,6.8215,1.4017,15.1437,8.8215
verbandes,2,21,6.8215,1.4017,15.1437,8.8215
wettbewerb,2,21,6.8215,1.4017,15.1437,8.8215
herstellung,2,21,6.8215,1.4017,15.1437,8.8215
erfahren,3,110,5.0174,1.6786,15.1332,8.1874
volks,3,110,5.0174,1.6786,15.1332,8.1874
bauern,3,110,5.0174,1.6786,15.1332,8.1874
erklärt,3,111,5.0044,1.6781,15.0799,8.1743
selbstverständlich,3,112,4.9914,1.6776,15.027,8.1614
ziehen,3,113,4.9786,1.6771,14.9746,8.1485
gebr,2,22,6.7544,1.4011,14.9501,8.7544
verzeichnen,2,22,6.7544,1.4011,14.9501,8.7544
dortigen,2,22,6.7544,1.4011,14.9501,8.7544
poli,2,22,6.7544,1.4011,14.9501,8.7544
abgegeben,2,22,6.7544,1.4011,14.9501,8.7544
julius,2,22,6.7544,1.4011,14.9501,8.7544
hell,2,22,6.7544,1.4011,14.9501,8.7544
gewaltigen,2,22,6.7544,1.4011,14.9501,8.7544
universität,2,22,6.7544,1.4011,14.9501,8.7544
darstellen,2,22,6.7544,1.4011,14.9501,8.7544
zählen,2,22,6.7544,1.4011,14.9501,8.7544
wohnungsamt,2,22,6.7544,1.4011,14.9501,8.7544
löbe,2,22,6.7544,1.4011,14.9501,8.7544
lands,2,22,6.7544,1.4011,14.9501,8.7544
weltkrieg,2,22,6.7544,1.4011,14.9501,8.7544
morgen,3,114,4.9659,1.6766,14.9227,8.1358
finden,4,290,4.0339,1.8779,14.9119,8.0339
weiteren,3,115,4.9533,1.6761,14.8713,8.1232
lage,4,293,4.0191,1.8766,14.834,8.0191
treiben,3,116,4.9408,1.6757,14.8204,8.1107
jie,3,116,4.9408,1.6757,14.8204,8.1107
gesehen,3,116,4.9408,1.6757,14.8204,8.1107
uhr,5,549,3.4351,2.0293,14.7809,8.079
summe,3,117,4.9284,1.6752,14.7699,8.0984
abhängig,2,23,6.6903,1.4005,14.7655,8.6903
bewahrt,2,23,6.6903,1.4005,14.7655,8.6903
meldet,2,23,6.6903,1.4005,14.7655,8.6903
gelöst,2,23,6.6903,1.4005,14.7655,8.6903
haag,2,23,6.6903,1.4005,14.7655,8.6903
stehende,2,23,6.6903,1.4005,14.7655,8.6903
leidet,2,23,6.6903,1.4005,14.7655,8.6903
fett,2,23,6.6903,1.4005,14.7655,8.6903
begangen,2,23,6.6903,1.4005,14.7655,8.6903
darüber,4,297,3.9995,1.875,14.7315,7.9995
junge,3,119,4.904,1.6742,14.6702,8.0739
boden,3,119,4.904,1.6742,14.6702,8.0739
bringen,4,300,3.985,1.8737,14.6556,7.985
mögen,3,120,4.8919,1.6737,14.621,8.0618
löwenstein,2,24,6.6289,1.3999,14.5893,8.6289
angeboten,2,24,6.6289,1.3999,14.5893,8.6289
dawes,2,24,6.6289,1.3999,14.5893,8.6289
alien,2,24,6.6289,1.3999,14.5893,8.6289
rollen,2,24,6.6289,1.3999,14.5893,8.6289
jährigen,2,24,6.6289,1.3999,14.5893,8.6289
wan,2,24,6.6289,1.3999,14.5893,8.6289
umstände,2,24,6.6289,1.3999,14.5893,8.6289
frechheit,2,24,6.6289,1.3999,14.5893,8.6289
monaten,3,121,4.8799,1.6732,14.5723,8.0499
müsste,3,123,4.8563,1.6723,14.4761,8.0262
bezahlt,3,124,4.8446,1.6718,14.4286,8.0145
folgendes,3,124,4.8446,1.6718,14.4286,8.0145
umsonst,2,25,6.57,1.3993,14.4206,8.57
dauert,2,25,6.57,1.3993,14.4206,8.57
rhein,2,25,6.57,1.3993,14.4206,8.57
glänzend,2,25,6.57,1.3993,14.4206,8.57
leistet,2,25,6.57,1.3993,14.4206,8.57
grün,2,25,6.57,1.3993,14.4206,8.57
versailler,2,25,6.57,1.3993,14.4206,8.57
feder,2,25,6.57,1.3993,14.4206,8.57
ing,2,25,6.57,1.3993,14.4206,8.57
verlangt,3,125,4.833,1.6713,14.3815,8.0029
niht,3,126,4.8215,1.6708,14.3348,7.9914
anscheinend,3,126,4.8215,1.6708,14.3348,7.9914
leser,4,314,3.9192,1.8678,14.3119,7.9192
grössten,3,127,4.8101,1.6703,14.2885,7.98
monate,3,127,4.8101,1.6703,14.2885,7.98
mörder,2,26,6.5134,1.3987,14.2589,8.5134
lacht,2,26,6.5134,1.3987,14.2589,8.5134
ergeht,2,26,6.5134,1.3987,14.2589,8.5134
begonnen,2,26,6.5134,1.3987,14.2589,8.5134
angegriffen,2,26,6.5134,1.3987,14.2589,8.5134
gewusst,2,26,6.5134,1.3987,14.2589,8.5134
gefährlich,2,26,6.5134,1.3987,14.2589,8.5134
gesetzt,2,26,6.5134,1.3987,14.2589,8.5134
milliarden,3,129,4.7876,1.6693,14.197,7.9575
gewiss,3,131,4.7654,1.6684,14.1069,7.9353
lösen,2,27,6.4589,1.3981,14.1037,8.4589
plass,2,27,6.4589,1.3981,14.1037,8.4589
antwortete,2,27,6.4589,1.3981,14.1037,8.4589
hunderttausende,2,27,6.4589,1.3981,14.1037,8.4589
affäre,2,27,6.4589,1.3981,14.1037,8.4589
saubere,2,27,6.4589,1.3981,14.1037,8.4589
konnte,4,324,3.874,1.8636,14.0763,7.874
bild,3,132,4.7544,1.6679,14.0625,7.9243
rechte,3,132,4.7544,1.6679,14.0625,7.9243
regiert,2,28,6.4065,1.3975,13.9543,8.4065
umgekehrt,2,28,6.4065,1.3975,13.9543,8.4065
warnung,2,28,6.4065,1.3975,13.9543,8.4065
deim,2,28,6.4065,1.3975,13.9543,8.4065
besitzt,2,28,6.4065,1.3975,13.9543,8.4065
rücktritt,2,28,6.4065,1.3975,13.9543,8.4065
kommentar,2,28,6.4065,1.3975,13.9543,8.4065
aerzte,3,135,4.722,1.6664,13.9311,7.8919
geführt,3,136,4.7113,1.6659,13.888,7.8813
art,4,334,3.8301,1.8594,13.8485,7.8301
überhaupt,4,334,3.8301,1.8594,13.8485,7.8301
hannover,3,137,4.7008,1.6654,13.8453,7.8707
demnach,2,29,6.3559,1.3969,13.8105,8.3559
ehrlichen,2,29,6.3559,1.3969,13.8105,8.3559
zugeben,2,29,6.3559,1.3969,13.8105,8.3559
ohnehin,2,29,6.3559,1.3969,13.8105,8.3559
soeben,2,29,6.3559,1.3969,13.8105,8.3559
nannte,2,29,6.3559,1.3969,13.8105,8.3559
wenigstens,3,138,4.6903,1.665,13.8028,7.8602
abend,3,138,4.6903,1.665,13.8028,7.8602
führt,3,138,4.6903,1.665,13.8028,7.8602
verhandlung,3,139,4.6799,1.6645,13.7607,7.8498
wirtschaft,4,338,3.813,1.8577,13.7594,7.813
bracht,2,30,6.3069,1.3964,13.6717,8.3069
links,2,30,6.3069,1.3964,13.6717,8.3069
gutem,2,30,6.3069,1.3964,13.6717,8.3069
ausländischen,2,30,6.3069,1.3964,13.6717,8.3069
verstand,2,30,6.3069,1.3964,13.6717,8.3069
rudolf,2,30,6.3069,1.3964,13.6717,8.3069
amerikanischen,2,30,6.3069,1.3964,13.6717,8.3069
liefern,2,30,6.3069,1.3964,13.6717,8.3069
tageblatt,3,142,4.6491,1.663,13.6363,7.819
gebote,2,31,6.2596,1.3958,13.5378,8.2596
durfte,2,31,6.2596,1.3958,13.5378,8.2596
uni,2,31,6.2596,1.3958,13.5378,8.2596
schreit,2,31,6.2596,1.3958,13.5378,8.2596
samson,2,31,6.2596,1.3958,13.5378,8.2596
ausnahme,2,31,6.2596,1.3958,13.5378,8.2596
führende,2,31,6.2596,1.3958,13.5378,8.2596
zwanzig,2,31,6.2596,1.3958,13.5378,8.2596
unerhörten,2,31,6.2596,1.3958,13.5378,8.2596
aufbringen,2,31,6.2596,1.3958,13.5378,8.2596
feine,4,351,3.7585,1.8522,13.4776,7.7585
freund,3,146,4.609,1.6611,13.4745,7.7789
anwalt,3,147,4.5991,1.6606,13.4349,7.7691
problem,2,32,6.2138,1.3952,13.4082,8.2138
übel,2,32,6.2138,1.3952,13.4082,8.2138
verdanken,2,32,6.2138,1.3952,13.4082,8.2138
besseren,2,32,6.2138,1.3952,13.4082,8.2138
zins,2,32,6.2138,1.3952,13.4082,8.2138
zettel,2,32,6.2138,1.3952,13.4082,8.2138
toten,2,32,6.2138,1.3952,13.4082,8.2138
schicksal,2,32,6.2138,1.3952,13.4082,8.2138
hebt,2,32,6.2138,1.3952,13.4082,8.2138
wäch,2,32,6.2138,1.3952,13.4082,8.2138
regierung,4,355,3.7422,1.8505,13.3931,7.7422
vielleicht,4,358,3.73,1.8493,13.3305,7.73
heymann,2,33,6.1694,1.3946,13.2829,8.1694
kaufe,2,33,6.1694,1.3946,13.2829,8.1694
heran,2,33,6.1694,1.3946,13.2829,8.1694
einziger,2,33,6.1694,1.3946,13.2829,8.1694
aljo,2,33,6.1694,1.3946,13.2829,8.1694
angebot,2,33,6.1694,1.3946,13.2829,8.1694
jdee,2,33,6.1694,1.3946,13.2829,8.1694
fühlte,2,33,6.1694,1.3946,13.2829,8.1694
reichstag,3,151,4.5604,1.6586,13.2789,7.7303
dagegen,3,152,4.5509,1.6582,13.2405,7.7208
verlag,4,364,3.706,1.8468,13.2069,7.706
republik,3,154,4.532,1.6572,13.1647,7.7019
rücksicht,2,34,6.1264,1.394,13.1614,8.1264
sozialdemokrat,2,34,6.1264,1.394,13.1614,8.1264
inserate,2,34,6.1264,1.394,13.1614,8.1264
geschäftsleute,2,34,6.1264,1.394,13.1614,8.1264
jüdi,2,34,6.1264,1.394,13.1614,8.1264
faust,2,34,6.1264,1.394,13.1614,8.1264
moralisch,2,34,6.1264,1.394,13.1614,8.1264
abge,2,34,6.1264,1.394,13.1614,8.1264
fährt,2,35,6.0846,1.3934,13.0437,8.0846
union,2,35,6.0846,1.3934,13.0437,8.0846
belange,2,35,6.0846,1.3934,13.0437,8.0846
josef,2,35,6.0846,1.3934,13.0437,8.0846
besitz,2,35,6.0846,1.3934,13.0437,8.0846
gas,2,35,6.0846,1.3934,13.0437,8.0846
bli,2,35,6.0846,1.3934,13.0437,8.0846
eim,2,35,6.0846,1.3934,13.0437,8.0846
veranlassung,2,35,6.0846,1.3934,13.0437,8.0846
chen,2,35,6.0846,1.3934,13.0437,8.0846
erfolg,3,160,4.4769,1.6543,12.9432,7.6468
organisation,2,36,6.0439,1.3928,12.9294,8.0439
eng,2,36,6.0439,1.3928,12.9294,8.0439
unterrichtet,2,36,6.0439,1.3928,12.9294,8.0439
paris,2,36,6.0439,1.3928,12.9294,8.0439
verstehen,3,162,4.4589,1.6533,12.8714,7.6289
fehlbetrag,2,37,6.0044,1.3922,12.8183,8.0044
bezirk,2,37,6.0044,1.3922,12.8183,8.0044
schüler,2,37,6.0044,1.3922,12.8183,8.0044
emil,2,37,6.0044,1.3922,12.8183,8.0044
herrschaft,2,37,6.0044,1.3922,12.8183,8.0044
unsinn,2,37,6.0044,1.3922,12.8183,8.0044
entnehmen,2,37,6.0044,1.3922,12.8183,8.0044
wilh,2,37,6.0044,1.3922,12.8183,8.0044
fühlt,2,38,5.9659,1.3916,12.7104,7.9659
höchstens,2,38,5.9659,1.3916,12.7104,7.9659
fonnte,2,38,5.9659,1.3916,12.7104,7.9659
feld,2,38,5.9659,1.3916,12.7104,7.9659
beispiel,3,167,4.4151,1.6509,12.6957,7.585
oben,3,168,4.4065,1.6504,12.6612,7.5764
männer,3,169,4.3979,1.6499,12.627,7.5678
rede,3,169,4.3979,1.6499,12.627,7.5678
erneut,2,39,5.9284,1.391,12.6054,7.9284
dürften,2,39,5.9284,1.391,12.6054,7.9284
lehre,2,39,5.9284,1.391,12.6054,7.9284
total,2,39,5.9284,1.391,12.6054,7.9284
freuen,2,39,5.9284,1.391,12.6054,7.9284
türen,2,39,5.9284,1.391,12.6054,7.9284
lei,2,39,5.9284,1.391,12.6054,7.9284
helfen,3,171,4.3809,1.6489,12.5591,7.5509
mai,3,173,4.3642,1.6479,12.4921,7.5341
tut,3,174,4.3559,1.6475,12.4589,7.5258
kön,2,41,5.8563,1.3898,12.4035,7.8563
wehe,2,41,5.8563,1.3898,12.4035,7.8563
wundern,2,41,5.8563,1.3898,12.4035,7.8563
reichskanzler,2,42,5.8215,1.3892,12.3064,7.8215
kamp,3,179,4.315,1.645,12.2959,7.4849
schreiben,3,179,4.315,1.645,12.2959,7.4849
willen,3,180,4.3069,1.6445,12.2639,7.4769
eigen,2,43,5.7876,1.3886,12.2117,7.7876
treue,2,43,5.7876,1.3886,12.2117,7.7876
auftrag,2,43,5.7876,1.3886,12.2117,7.7876
betrogen,2,43,5.7876,1.3886,12.2117,7.7876
tot,2,43,5.7876,1.3886,12.2117,7.7876
gin,2,44,5.7544,1.388,12.1192,7.7544
angebracht,2,44,5.7544,1.388,12.1192,7.7544
sozial,2,44,5.7544,1.388,12.1192,7.7544
letzte,2,44,5.7544,1.388,12.1192,7.7544
eintreten,2,44,5.7544,1.388,12.1192,7.7544
forderungen,2,44,5.7544,1.388,12.1192,7.7544
august,3,186,4.2596,1.6416,12.0756,7.4296
übrigen,3,187,4.2519,1.6411,12.0448,7.4218
rettung,2,45,5.722,1.3874,12.029,7.722
nass,2,45,5.722,1.3874,12.029,7.722
gelungen,2,45,5.722,1.3874,12.029,7.722
gebe,2,45,5.722,1.3874,12.029,7.722
grosser,3,189,4.2366,1.6402,11.9839,7.4065
früher,3,189,4.2366,1.6402,11.9839,7.4065
entspricht,2,46,5.6903,1.3868,11.9407,7.6903
sämtlich,2,46,5.6903,1.3868,11.9407,7.6903
wagt,2,46,5.6903,1.3868,11.9407,7.6903
februar,3,191,4.2214,1.6392,11.9236,7.3913
allzu,2,47,5.6592,1.3862,11.8545,7.6592
dortmund,2,47,5.6592,1.3862,11.8545,7.6592
lied,2,47,5.6592,1.3862,11.8545,7.6592
stadtverwaltung,2,47,5.6592,1.3862,11.8545,7.6592
vorteil,2,47,5.6592,1.3862,11.8545,7.6592
nit,2,47,5.6592,1.3862,11.8545,7.6592
fehler,2,48,5.6289,1.3856,11.7701,7.6289
aufnahme,2,48,5.6289,1.3856,11.7701,7.6289
deutsc,2,48,5.6289,1.3856,11.7701,7.6289
kuh,2,48,5.6289,1.3856,11.7701,7.6289
wenden,2,48,5.6289,1.3856,11.7701,7.6289
arbeitslose,2,49,5.5991,1.385,11.6876,7.5991
veröffentlichen,2,49,5.5991,1.385,11.6876,7.5991
scheinbar,2,49,5.5991,1.385,11.6876,7.5991
feuer,2,49,5.5991,1.385,11.6876,7.5991
diefe,2,49,5.5991,1.385,11.6876,7.5991
det,2,49,5.5991,1.385,11.6876,7.5991
passiert,2,49,5.5991,1.385,11.6876,7.5991
formen,2,49,5.5991,1.385,11.6876,7.5991
maxk,2,49,5.5991,1.385,11.6876,7.5991
länger,2,49,5.5991,1.385,11.6876,7.5991
ueberschrift,2,49,5.5991,1.385,11.6876,7.5991
nebenbei,2,50,5.57,1.3844,11.6068,7.57
verbunden,2,50,5.57,1.3844,11.6068,7.57
weihnachten,2,50,5.57,1.3844,11.6068,7.57
halle,2,50,5.57,1.3844,11.6068,7.57
erteilt,2,50,5.57,1.3844,11.6068,7.57
stet,2,50,5.57,1.3844,11.6068,7.57
bauen,2,50,5.57,1.3844,11.6068,7.57
ausserhalb,2,50,5.57,1.3844,11.6068,7.57
april,3,202,4.1406,1.6338,11.6035,7.3105
nächsten,3,203,4.1335,1.6334,11.5754,7.3034
beruf,2,51,5.5414,1.3838,11.5276,7.5414
bein,2,51,5.5414,1.3838,11.5276,7.5414
klasse,2,51,5.5414,1.3838,11.5276,7.5414
vers,2,51,5.5414,1.3838,11.5276,7.5414
grösse,2,51,5.5414,1.3838,11.5276,7.5414
unserer,4,459,3.3715,1.8068,11.5023,7.3715
mitte,2,52,5.5134,1.3833,11.4501,7.5134
feind,2,52,5.5134,1.3833,11.4501,7.5134
hoffnung,2,52,5.5134,1.3833,11.4501,7.5134
methoden,2,52,5.5134,1.3833,11.4501,7.5134
sieg,2,52,5.5134,1.3833,11.4501,7.5134
finger,2,52,5.5134,1.3833,11.4501,7.5134
hafer,3,208,4.0984,1.6309,11.4367,7.2683
fordert,2,53,5.4859,1.3827,11.3741,7.4859
zuden,2,53,5.4859,1.3827,11.3741,7.4859
beziehen,2,53,5.4859,1.3827,11.3741,7.4859
vermögen,2,53,5.4859,1.3827,11.3741,7.4859
reichlich,2,53,5.4859,1.3827,11.3741,7.4859
treu,2,53,5.4859,1.3827,11.3741,7.4859
prozesse,2,53,5.4859,1.3827,11.3741,7.4859
zweck,2,53,5.4859,1.3827,11.3741,7.4859
alwine,2,53,5.4859,1.3827,11.3741,7.4859
bleibt,3,213,4.0641,1.6285,11.3016,7.234
jebt,2,54,5.4589,1.3821,11.2996,7.4589
vielen,3,215,4.0506,1.6275,11.2485,7.2205
spielen,2,55,5.4325,1.3815,11.2265,7.4325
entwicklung,2,55,5.4325,1.3815,11.2265,7.4325
menschheit,2,55,5.4325,1.3815,11.2265,7.4325
entschieden,2,55,5.4325,1.3815,11.2265,7.4325
berufung,2,55,5.4325,1.3815,11.2265,7.4325
französischen,2,55,5.4325,1.3815,11.2265,7.4325
gruppe,2,55,5.4325,1.3815,11.2265,7.4325
weniger,3,217,4.0372,1.6266,11.1959,7.2072
kleinen,3,217,4.0372,1.6266,11.1959,7.2072
auc,3,218,4.0306,1.6261,11.1698,7.2005
jawohl,2,56,5.4065,1.3809,11.1548,7.4065
besonder,2,56,5.4065,1.3809,11.1548,7.4065
irgendwie,2,57,5.3809,1.3803,11.0844,7.3809
max,2,57,5.3809,1.3803,11.0844,7.3809
sparen,2,58,5.3559,1.3797,11.0153,7.3559
zwölf,2,58,5.3559,1.3797,11.0153,7.3559
ludwig,2,58,5.3559,1.3797,11.0153,7.3559
ziemlich,2,59,5.3312,1.3791,10.9474,7.3312
gee,2,59,5.3312,1.3791,10.9474,7.3312
paragraphen,2,59,5.3312,1.3791,10.9474,7.3312
bielefelder,2,59,5.3312,1.3791,10.9474,7.3312
oberbürgermeister,4,500,3.2481,1.7895,10.884,7.2481
forderung,2,60,5.3069,1.3785,10.8807,7.3069
brüder,2,60,5.3069,1.3785,10.8807,7.3069
hinein,2,60,5.3069,1.3785,10.8807,7.3069
beginn,2,61,5.2831,1.3779,10.8151,7.2831
adolf,2,61,5.2831,1.3779,10.8151,7.2831
getrieben,2,61,5.2831,1.3779,10.8151,7.2831
arbeitet,2,62,5.2596,1.3773,10.7507,7.2596
lachen,2,62,5.2596,1.3773,10.7507,7.2596
rechnung,2,62,5.2596,1.3773,10.7507,7.2596
friedrich,2,62,5.2596,1.3773,10.7507,7.2596
grundlage,2,62,5.2596,1.3773,10.7507,7.2596
köln,2,62,5.2596,1.3773,10.7507,7.2596
zugleich,2,63,5.2366,1.3767,10.6873,7.2366
rung,2,63,5.2366,1.3767,10.6873,7.2366
anlass,2,63,5.2366,1.3767,10.6873,7.2366
rechtsanwalt,2,64,5.2138,1.3761,10.625,7.2138
hermann,2,64,5.2138,1.3761,10.625,7.2138
sür,2,65,5.1915,1.3755,10.5637,7.1915
frankreich,2,65,5.1915,1.3755,10.5637,7.1915
auskunft,2,66,5.1694,1.3749,10.5033,7.1694
wunsch,2,66,5.1694,1.3749,10.5033,7.1694
einzelne,2,66,5.1694,1.3749,10.5033,7.1694
fleisch,2,66,5.1694,1.3749,10.5033,7.1694
schuss,2,66,5.1694,1.3749,10.5033,7.1694
per,2,67,5.1477,1.3743,10.4439,7.1477
feststellen,2,67,5.1477,1.3743,10.4439,7.1477
schrift,2,67,5.1477,1.3743,10.4439,7.1477
natur,2,67,5.1477,1.3743,10.4439,7.1477
lagen,2,67,5.1477,1.3743,10.4439,7.1477
verdienen,2,67,5.1477,1.3743,10.4439,7.1477
staate,2,67,5.1477,1.3743,10.4439,7.1477
sagte,3,250,3.833,1.6105,10.3965,7.0029
deutsches,2,68,5.1264,1.3737,10.3855,7.1264
jursch,2,68,5.1264,1.3737,10.3855,7.1264
freunden,2,68,5.1264,1.3737,10.3855,7.1264
länder,2,68,5.1264,1.3737,10.3855,7.1264
nung,2,68,5.1264,1.3737,10.3855,7.1264
ange,2,68,5.1264,1.3737,10.3855,7.1264
jemand,2,69,5.1053,1.3731,10.3279,7.1053
fommt,2,69,5.1053,1.3731,10.3279,7.1053
wähler,2,69,5.1053,1.3731,10.3279,7.1053
deffentlichkeit,2,69,5.1053,1.3731,10.3279,7.1053
ziele,2,70,5.0846,1.3725,10.2712,7.0846
durd,2,70,5.0846,1.3725,10.2712,7.0846
zieht,2,70,5.0846,1.3725,10.2712,7.0846
endlich,3,256,3.7988,1.6076,10.2635,6.9687
mittelstandes,2,71,5.0641,1.3719,10.2153,7.0641
billige,2,71,5.0641,1.3719,10.2153,7.0641
oft,3,259,3.782,1.6061,10.1982,6.9519
offen,2,72,5.0439,1.3713,10.1602,7.0439
jhnen,2,72,5.0439,1.3713,10.1602,7.0439
kleine,3,263,3.7599,1.6042,10.1124,6.9298
strassen,2,73,5.024,1.3707,10.106,7.024
wenigen,2,73,5.024,1.3707,10.106,7.024
bekannte,2,73,5.024,1.3707,10.106,7.024
lessten,2,73,5.024,1.3707,10.106,7.024
meinung,3,264,3.7544,1.6037,10.0912,6.9243
gern,3,264,3.7544,1.6037,10.0912,6.9243
raum,2,74,5.0044,1.3702,10.0525,7.0044
teufel,2,74,5.0044,1.3702,10.0525,7.0044
wiederum,2,75,4.985,1.3696,9.9997,6.985
landtag,2,75,4.985,1.3696,9.9997,6.985
lehrer,2,75,4.985,1.3696,9.9997,6.985
ger,2,75,4.985,1.3696,9.9997,6.985
lebens,2,75,4.985,1.3696,9.9997,6.985
son,2,75,4.985,1.3696,9.9997,6.985
ansehen,2,75,4.985,1.3696,9.9997,6.985
könig,2,75,4.985,1.3696,9.9997,6.985
bald,3,270,3.722,1.6008,9.9657,6.8919
severing,2,76,4.9659,1.369,9.9477,6.9659
zurück,2,76,4.9659,1.369,9.9477,6.9659
erfolgt,2,76,4.9659,1.369,9.9477,6.9659
jungen,2,76,4.9659,1.369,9.9477,6.9659
kosten,3,272,3.7113,1.5998,9.9246,6.8813
körper,2,77,4.9471,1.3684,9.8964,6.9471
wesen,2,78,4.9284,1.3678,9.8458,6.9284
wächters,2,78,4.9284,1.3678,9.8458,6.9284
ste,2,79,4.9101,1.3672,9.7959,6.9101
post,2,79,4.9101,1.3672,9.7959,6.9101
bezw,2,79,4.9101,1.3672,9.7959,6.9101
haupt,2,79,4.9101,1.3672,9.7959,6.9101
dame,2,80,4.8919,1.3666,9.7466,6.8919
tod,2,80,4.8919,1.3666,9.7466,6.8919
kostet,2,80,4.8919,1.3666,9.7466,6.8919
massen,2,80,4.8919,1.3666,9.7466,6.8919
kommunisten,2,81,4.874,1.366,9.698,6.874
standen,2,81,4.874,1.366,9.698,6.874
schöne,2,81,4.874,1.366,9.698,6.874
gehören,2,81,4.874,1.366,9.698,6.874
rechts,2,81,4.874,1.366,9.698,6.874
heissen,2,81,4.874,1.366,9.698,6.874
gehalten,2,81,4.874,1.366,9.698,6.874
zen,2,82,4.8563,1.3654,9.65,6.8563
vox,2,82,4.8563,1.3654,9.65,6.8563
zeuge,2,82,4.8563,1.3654,9.65,6.8563
zug,2,82,4.8563,1.3654,9.65,6.8563
kriege,2,83,4.8388,1.3648,9.6026,6.8388
staats,2,83,4.8388,1.3648,9.6026,6.8388
zweiten,2,84,4.8215,1.3642,9.5558,6.8215
dienstag,2,84,4.8215,1.3642,9.5558,6.8215
mittel,3,293,3.604,1.5896,9.5113,6.774
schwarz,2,85,4.8044,1.3636,9.5095,6.8044
allgemeine,2,85,4.8044,1.3636,9.5095,6.8044
genannt,2,85,4.8044,1.3636,9.5095,6.8044
handwerk,2,85,4.8044,1.3636,9.5095,6.8044
mensc,2,85,4.8044,1.3636,9.5095,6.8044
kenntnis,2,85,4.8044,1.3636,9.5095,6.8044
kennt,2,86,4.7876,1.363,9.4639,6.7876
glaube,2,86,4.7876,1.363,9.4639,6.7876
billig,3,297,3.5845,1.5877,9.4362,6.7544
industrie,2,87,4.7709,1.3624,9.4188,6.7709
gesucht,2,88,4.7544,1.3618,9.3742,6.7544
weiteres,2,88,4.7544,1.3618,9.3742,6.7544
arme,2,89,4.7381,1.3612,9.3302,6.7381
ner,2,89,4.7381,1.3612,9.3302,6.7381
wünschen,2,90,4.722,1.3606,9.2867,6.722
schaft,2,90,4.722,1.3606,9.2867,6.722
obwohl,2,92,4.6903,1.3594,9.2011,6.6903
kreisen,2,93,4.6747,1.3588,9.1591,6.6747
nabrück,2,93,4.6747,1.3588,9.1591,6.6747
tante,2,95,4.644,1.3576,9.0764,6.644
gesetz,2,95,4.644,1.3576,9.0764,6.644
notwendig,2,95,4.644,1.3576,9.0764,6.644
sonnabend,2,96,4.6289,1.3571,9.0358,6.6289
besondere,2,97,4.6139,1.3565,8.9956,6.6139
erhält,2,97,4.6139,1.3565,8.9956,6.6139
verhältnisse,2,97,4.6139,1.3565,8.9956,6.6139
zustände,2,99,4.5845,1.3553,8.9165,6.5845
schaden,2,100,4.57,1.3547,8.8775,6.57
besteht,2,100,4.57,1.3547,8.8775,6.57
volkszeitung,2,101,4.5556,1.3541,8.839,6.5556
bedeutung,2,101,4.5556,1.3541,8.839,6.5556
jugend,2,101,4.5556,1.3541,8.839,6.5556
preiswert,2,101,4.5556,1.3541,8.839,6.5556
hört,2,102,4.5414,1.3535,8.8009,6.5414
eins,2,102,4.5414,1.3535,8.8009,6.5414
legen,2,103,4.5273,1.3529,8.7632,6.5273
suchen,2,104,4.5134,1.3523,8.7258,6.5134
heit,2,106,4.4859,1.3511,8.6523,6.4859
gedanken,2,107,4.4724,1.3505,8.616,6.4724
sachen,2,108,4.4589,1.3499,8.5802,6.4589
soviel,2,108,4.4589,1.3499,8.5802,6.4589
nacht,2,108,4.4589,1.3499,8.5802,6.4589
infolge,2,108,4.4589,1.3499,8.5802,6.4589
längst,2,110,4.4325,1.3487,8.5095,6.4325
johannisstrasse,2,110,4.4325,1.3487,8.5095,6.4325
leisten,2,110,4.4325,1.3487,8.5095,6.4325
deuts,2,112,4.4065,1.3475,8.4401,6.4065
see,2,112,4.4065,1.3475,8.4401,6.4065
roten,2,112,4.4065,1.3475,8.4401,6.4065
ziel,2,113,4.3937,1.3469,8.4059,6.3937
anzeige,2,113,4.3937,1.3469,8.4059,6.3937
grewe,2,114,4.3809,1.3463,8.372,6.3809
tritt,2,114,4.3809,1.3463,8.372,6.3809
eit,2,115,4.3683,1.3457,8.3385,6.3683
krieg,2,115,4.3683,1.3457,8.3385,6.3683
freitag,2,115,4.3683,1.3457,8.3385,6.3683
juli,2,115,4.3683,1.3457,8.3385,6.3683
gleichen,2,116,4.3559,1.3451,8.3052,6.3559
behandlung,2,117,4.3435,1.3446,8.2723,6.3435
bedeutet,2,119,4.319,1.3434,8.2073,6.319
young,2,120,4.3069,1.3428,8.1752,6.3069
braucht,2,120,4.3069,1.3428,8.1752,6.3069
ren,2,120,4.3069,1.3428,8.1752,6.3069
seiten,2,121,4.295,1.3422,8.1434,6.295
familie,2,121,4.295,1.3422,8.1434,6.295
einzige,2,121,4.295,1.3422,8.1434,6.295
gekommen,2,124,4.2596,1.3404,8.0497,6.2596
versucht,2,124,4.2596,1.3404,8.0497,6.2596
folgenden,2,124,4.2596,1.3404,8.0497,6.2596
erklärung,2,125,4.2481,1.3398,8.019,6.2481
jein,2,126,4.2366,1.3392,7.9885,6.2366
beste,2,127,4.2252,1.3386,7.9583,6.2252
garnicht,2,127,4.2252,1.3386,7.9583,6.2252
volle,2,127,4.2252,1.3386,7.9583,6.2252
hase,2,127,4.2252,1.3386,7.9583,6.2252
gehen,3,391,3.1878,1.542,7.9373,6.3577
armen,2,128,4.2138,1.338,7.9284,6.2138
wasser,2,128,4.2138,1.338,7.9284,6.2138
zehn,2,128,4.2138,1.338,7.9284,6.2138
gefahr,2,128,4.2138,1.338,7.9284,6.2138
ruhig,2,128,4.2138,1.338,7.9284,6.2138
interessen,2,129,4.2026,1.3374,7.8987,6.2026
folgt,2,130,4.1915,1.3368,7.8693,6.1915
ansicht,2,130,4.1915,1.3368,7.8693,6.1915
allerdings,2,131,4.1804,1.3362,7.84,6.1804
aufgabe,2,132,4.1694,1.3356,7.8111,6.1694
freiheit,2,134,4.1477,1.3344,7.7538,6.1477
heimat,2,134,4.1477,1.3344,7.7538,6.1477
meisten,2,135,4.137,1.3338,7.7256,6.137
liegen,2,136,4.1264,1.3332,7.6975,6.1264
leute,3,409,3.1228,1.5332,7.6965,6.2928
höhe,2,139,4.0949,1.3315,7.6146,6.0949
johannisstr,2,140,4.0846,1.3309,7.5874,6.0846
stellt,2,141,4.0743,1.3303,7.5604,6.0743
niemand,2,145,4.0339,1.3279,7.4545,6.0339
masse,2,146,4.024,1.3273,7.4285,6.024
geradezu,2,146,4.024,1.3273,7.4285,6.024
machte,2,146,4.024,1.3273,7.4285,6.024
linie,2,148,4.0044,1.3261,7.3771,6.0044
verfügung,2,149,3.9947,1.3255,7.3516,5.9947
ober,2,151,3.9754,1.3243,7.3013,5.9754
hält,2,151,3.9754,1.3243,7.3013,5.9754
ausser,2,152,3.9659,1.3237,7.2764,5.9659
schnell,2,153,3.9564,1.3231,7.2517,5.9564
schluss,2,155,3.9377,1.3219,7.2028,5.9377
wagen,2,156,3.9284,1.3213,7.1786,5.9284
ausserdem,2,159,3.901,1.3195,7.1069,5.901
januar,2,160,3.8919,1.3189,7.0834,5.8919
dank,2,163,3.8651,1.3172,7.0137,5.8651
ges,2,164,3.8563,1.3166,6.9907,5.8563
doh,2,167,3.8301,1.3148,6.9228,5.8301
öffentlichen,2,171,3.796,1.3124,6.8343,5.796
letzten,2,171,3.796,1.3124,6.8343,5.796
scheint,2,171,3.796,1.3124,6.8343,5.796
bau,2,171,3.796,1.3124,6.8343,5.796
schwer,2,172,3.7876,1.3118,6.8125,5.7876
rat,2,175,3.7626,1.31,6.748,5.7626
liess,2,179,3.73,1.3076,6.6638,5.73
dent,2,180,3.722,1.307,6.6431,5.722
jeht,2,181,3.714,1.3064,6.6225,5.714
später,2,181,3.714,1.3064,6.6225,5.714
gestellt,2,182,3.706,1.3058,6.602,5.706
polizei,2,185,3.6825,1.3041,6.5413,5.6825
zahlen,2,189,3.6516,1.3017,6.462,5.6516
guten,2,189,3.6516,1.3017,6.462,5.6516
erscheint,2,190,3.644,1.3011,6.4425,5.644
osnabrüc,2,190,3.644,1.3011,6.4425,5.644
wäcter,2,196,3.5991,1.2975,6.3276,5.5991
damen,2,204,3.5414,1.2928,6.1802,5.5414
hohen,2,211,3.4927,1.2886,6.0564,5.4927
redaktion,2,211,3.4927,1.2886,6.0564,5.4927
wege,2,218,3.4457,1.2844,5.937,5.4457
sicher,2,220,3.4325,1.2832,5.9037,5.4325
anzeigen,2,222,3.4194,1.282,5.8707,5.4194
alte,2,226,3.3937,1.2797,5.8057,5.3937
daher,2,241,3.3009,1.2707,5.5728,5.3009
stand,2,245,3.2772,1.2683,5.5134,5.2772
wenig,2,247,3.2655,1.2671,5.4841,5.2655
besser,2,258,3.2026,1.2606,5.3277,5.2026
ging,2,279,3.0897,1.2481,5.0488,5.0897
nen,2,289,3.0389,1.2421,4.9243,5.0389
beamten,2,314,2.9192,1.2273,4.6334,4.9192
freie,2,332,2.8388,1.2165,4.4401,4.8388
telefon,2,335,2.8258,1.2148,4.409,4.8258
